Country Name,Country Code,Annee,Depenses_Sante_PIB,Mortalite_Infantile,Esperance_Vie,Mortalite_Maternelle,Region
Algeria,DZA,2000,3.21485448,41.7,70.576,123.0,Afrique du Nord
Algeria,DZA,2001,3.53628588,40.2,71.025,113.0,Afrique du Nord
Algeria,DZA,2002,3.44169641,38.6,71.644,102.0,Afrique du Nord
Algeria,DZA,2003,3.32569361,37.0,71.906,101.0,Afrique du Nord
Algeria,DZA,2004,3.29030514,35.4,72.536,91.0,Afrique du Nord
Algeria,DZA,2005,3.1188612,33.9,72.836,87.0,Afrique du Nord
Algeria,DZA,2006,3.18999887,32.5,73.116,84.0,Afrique du Nord
Algeria,DZA,2007,3.62011433,31.2,73.346,83.0,Afrique du Nord
Algeria,DZA,2008,3.98331022,30.1,73.618,83.0,Afrique du Nord
Algeria,DZA,2009,4.89210796,29.0,73.871,83.0,Afrique du Nord
Algeria,DZA,2010,4.64001417,28.1,74.144,82.0,Afrique du Nord
Algeria,DZA,2011,4.82567501,27.3,74.383,81.0,Afrique du Nord
Algeria,DZA,2012,5.63658524,26.6,74.609,81.0,Afrique du Nord
Algeria,DZA,2013,5.64541769,25.9,74.809,81.0,Afrique du Nord
Algeria,DZA,2014,6.01484108,25.4,74.992,80.0,Afrique du Nord
Algeria,DZA,2015,6.33435678,24.9,75.159,79.0,Afrique du Nord
Algeria,DZA,2016,6.00080872,24.5,75.31,79.0,Afrique du Nord
Algeria,DZA,2017,5.9484539,24.0,75.431,77.0,Afrique du Nord
Algeria,DZA,2018,5.9323926,23.7,75.555,75.0,Afrique du Nord
Algeria,DZA,2019,5.41732121,23.3,75.682,73.0,Afrique du Nord
Algeria,DZA,2020,5.63830757,22.9,73.257,97.0,Afrique du Nord
Algeria,DZA,2021,5.02188873,22.6,75.208,79.0,Afrique du Nord
Algeria,DZA,2022,3.63464284,22.3,76.129,64.0,Afrique du Nord
Angola,AGO,2000,1.68525279,185.0,46.501,659.0,Afrique Australe
Angola,AGO,2001,3.95882654,176.3,47.032,629.0,Afrique Australe
Angola,AGO,2002,2.9398222,166.4,47.874,602.0,Afrique Australe
Angola,AGO,2003,3.10680342,155.5,50.218,538.0,Afrique Australe
Angola,AGO,2004,3.46084046,143.7,51.123,499.0,Afrique Australe
Angola,AGO,2005,2.54726577,131.5,52.13,462.0,Afrique Australe
Angola,AGO,2006,2.39833426,119.8,52.965,437.0,Afrique Australe
Angola,AGO,2007,2.65790844,109.0,54.2,401.0,Afrique Australe
Angola,AGO,2008,2.97807598,99.2,55.281,372.0,Afrique Australe
Angola,AGO,2009,3.30655909,90.7,56.225,348.0,Afrique Australe
Angola,AGO,2010,2.36373854,83.4,57.242,321.0,Afrique Australe
Angola,AGO,2011,2.35561895,77.2,58.093,301.0,Afrique Australe
Angola,AGO,2012,2.13677311,72.0,58.916,278.0,Afrique Australe
Angola,AGO,2013,2.4297719,67.9,59.705,267.0,Afrique Australe
Angola,AGO,2014,2.15680027,64.5,60.396,262.0,Afrique Australe
Angola,AGO,2015,2.29966879,61.8,61.042,249.0,Afrique Australe
Angola,AGO,2016,2.39068723,59.6,61.619,236.0,Afrique Australe
Angola,AGO,2017,2.4379425,57.9,62.122,220.0,Afrique Australe
Angola,AGO,2018,2.29887486,56.5,62.622,208.0,Afrique Australe
Angola,AGO,2019,2.20394278,55.3,63.051,202.0,Afrique Australe
Angola,AGO,2020,2.81688905,54.2,63.116,195.0,Afrique Australe
Angola,AGO,2021,2.73987103,53.2,62.958,211.0,Afrique Australe
Angola,AGO,2022,2.60041046,51.9,64.246,185.0,Afrique Australe
Benin,BEN,2000,2.9591713,135.0,56.594,529.0,Afrique de lOuest
Benin,BEN,2001,3.30417323,131.7,56.654,532.0,Afrique de lOuest
Benin,BEN,2002,3.09589195,128.5,56.851,534.0,Afrique de lOuest
Benin,BEN,2003,3.11678505,125.4,57.092,532.0,Afrique de lOuest
Benin,BEN,2004,3.23273873,122.5,57.346,531.0,Afrique de lOuest
Benin,BEN,2005,3.22345805,119.7,57.738,514.0,Afrique de lOuest
Benin,BEN,2006,3.28773856,117.0,57.966,509.0,Afrique de lOuest
Benin,BEN,2007,2.93715644,114.4,58.249,501.0,Afrique de lOuest
Benin,BEN,2008,2.65178108,112.0,58.099,563.0,Afrique de lOuest
Benin,BEN,2009,2.89953876,109.7,58.258,598.0,Afrique de lOuest
Benin,BEN,2010,3.01848245,107.4,58.387,607.0,Afrique de lOuest
Benin,BEN,2011,2.99865556,105.1,58.462,613.0,Afrique de lOuest
Benin,BEN,2012,3.07562971,102.9,58.559,618.0,Afrique de lOuest
Benin,BEN,2013,2.86880755,100.6,58.863,607.0,Afrique de lOuest
Benin,BEN,2014,2.69111967,98.4,59.008,605.0,Afrique de lOuest
Benin,BEN,2015,2.72813416,96.1,59.123,606.0,Afrique de lOuest
Benin,BEN,2016,3.62042856,94.0,59.283,604.0,Afrique de lOuest
Benin,BEN,2017,3.67389345,91.8,59.528,592.0,Afrique de lOuest
Benin,BEN,2018,3.4364984,89.4,59.71,585.0,Afrique de lOuest
Benin,BEN,2019,3.00206876,87.0,59.888,572.0,Afrique de lOuest
Benin,BEN,2020,3.0512166,84.6,60.154,578.0,Afrique de lOuest
Benin,BEN,2021,2.91589761,82.2,59.61,584.0,Afrique de lOuest
Benin,BEN,2022,2.98184395,79.6,60.475,547.0,Afrique de lOuest
Botswana,BWA,2000,6.10838556,79.8,52.263,136.0,Afrique Australe
Botswana,BWA,2001,6.3660779,79.3,52.21,138.0,Afrique Australe
Botswana,BWA,2002,6.66529799,77.9,52.373,140.0,Afrique Australe
Botswana,BWA,2003,6.40933847,76.7,52.851,142.0,Afrique Australe
Botswana,BWA,2004,6.09125996,75.7,53.573,151.0,Afrique Australe
Botswana,BWA,2005,5.26532936,70.8,54.386,166.0,Afrique Australe
Botswana,BWA,2006,4.87599421,66.0,55.112,204.0,Afrique Australe
Botswana,BWA,2007,5.52080727,64.3,56.735,201.0,Afrique Australe
Botswana,BWA,2008,5.89747286,63.7,57.661,199.0,Afrique Australe
Botswana,BWA,2009,6.62081194,60.6,58.297,213.0,Afrique Australe
Botswana,BWA,2010,6.26718187,58.4,59.137,228.0,Afrique Australe
Botswana,BWA,2011,5.86915016,58.8,59.715,269.0,Afrique Australe
Botswana,BWA,2012,6.35010576,53.9,60.384,288.0,Afrique Australe
Botswana,BWA,2013,6.49913645,50.3,61.217,221.0,Afrique Australe
Botswana,BWA,2014,5.8804059,49.0,62.167,212.0,Afrique Australe
Botswana,BWA,2015,6.10287762,46.7,63.215,141.0,Afrique Australe
Botswana,BWA,2016,5.76837635,45.1,64.32,72.0,Afrique Australe
Botswana,BWA,2017,6.62986994,42.1,65.42,46.0,Afrique Australe
Botswana,BWA,2018,6.04010344,41.2,66.371,99.0,Afrique Australe
Botswana,BWA,2019,6.12193203,40.0,67.167,100.0,Afrique Australe
Botswana,BWA,2020,6.1213398,38.9,67.643,98.0,Afrique Australe
Botswana,BWA,2021,6.30315065,37.1,63.303,165.0,Afrique Australe
Botswana,BWA,2022,5.73650789,35.7,68.749,120.0,Afrique Australe
Burkina Faso,BFA,2000,4.0211668,176.0,50.808,524.0,Afrique de lOuest
Burkina Faso,BFA,2001,3.95983911,171.9,51.188,513.0,Afrique de lOuest
Burkina Faso,BFA,2002,4.17985535,167.3,51.447,508.0,Afrique de lOuest
Burkina Faso,BFA,2003,4.42266035,162.3,51.959,495.0,Afrique de lOuest
Burkina Faso,BFA,2004,5.23083639,156.8,52.6,481.0,Afrique de lOuest
Burkina Faso,BFA,2005,4.83784914,150.8,53.271,467.0,Afrique de lOuest
Burkina Faso,BFA,2006,5.17043304,144.4,53.784,463.0,Afrique de lOuest
Burkina Faso,BFA,2007,5.77535009,138.1,54.377,453.0,Afrique de lOuest
Burkina Faso,BFA,2008,4.96721601,132.1,55.199,429.0,Afrique de lOuest
Burkina Faso,BFA,2009,5.19683933,126.5,55.791,419.0,Afrique de lOuest
Burkina Faso,BFA,2010,5.28967237,121.3,56.343,404.0,Afrique de lOuest
Burkina Faso,BFA,2011,4.64868164,116.6,57.001,388.0,Afrique de lOuest
Burkina Faso,BFA,2012,4.60267258,112.3,57.457,376.0,Afrique de lOuest
Burkina Faso,BFA,2013,5.56331587,108.2,57.903,361.0,Afrique de lOuest
Burkina Faso,BFA,2014,5.00027227,104.3,58.331,344.0,Afrique de lOuest
Burkina Faso,BFA,2015,5.13192415,100.8,58.778,328.0,Afrique de lOuest
Burkina Faso,BFA,2016,5.95284653,97.4,59.173,313.0,Afrique de lOuest
Burkina Faso,BFA,2017,6.12075186,94.1,59.578,298.0,Afrique de lOuest
Burkina Faso,BFA,2018,4.94427681,91.0,59.972,286.0,Afrique de lOuest
Burkina Faso,BFA,2019,5.35001135,88.1,60.184,274.0,Afrique de lOuest
Burkina Faso,BFA,2020,6.89469957,85.1,60.454,334.0,Afrique de lOuest
Burkina Faso,BFA,2021,7.08691931,82.4,60.046,354.0,Afrique de lOuest
Burkina Faso,BFA,2022,7.41435528,79.8,60.7,316.0,Afrique de lOuest
Burundi,BDI,2000,4.22181606,152.4,47.617,860.0,Afrique de lEst
Burundi,BDI,2001,5.68180418,147.5,48.509,799.0,Afrique de lEst
Burundi,BDI,2002,5.34983587,142.3,49.924,743.0,Afrique de lEst
Burundi,BDI,2003,5.27245188,136.6,50.997,705.0,Afrique de lEst
Burundi,BDI,2004,7.09572744,130.4,52.217,687.0,Afrique de lEst
Burundi,BDI,2005,7.56016588,123.7,53.053,685.0,Afrique de lEst
Burundi,BDI,2006,8.71264839,116.6,53.962,670.0,Afrique de lEst
Burundi,BDI,2007,9.1855402,109.5,54.832,655.0,Afrique de lEst
Burundi,BDI,2008,7.74147511,102.6,55.581,635.0,Afrique de lEst
Burundi,BDI,2009,9.23238468,96.1,56.422,612.0,Afrique de lEst
Burundi,BDI,2010,11.28196716,90.2,57.088,614.0,Afrique de lEst
Burundi,BDI,2011,10.06996346,84.7,57.804,597.0,Afrique de lEst
Burundi,BDI,2012,8.63756466,79.6,58.501,575.0,Afrique de lEst
Burundi,BDI,2013,8.62834644,74.9,59.179,555.0,Afrique de lEst
Burundi,BDI,2014,7.21081543,70.6,59.764,533.0,Afrique de lEst
Burundi,BDI,2015,6.29044485,66.9,60.107,525.0,Afrique de lEst
Burundi,BDI,2016,7.06148243,63.7,60.789,501.0,Afrique de lEst
Burundi,BDI,2017,6.95230389,60.9,61.345,482.0,Afrique de lEst
Burundi,BDI,2018,7.29396152,58.5,61.806,464.0,Afrique de lEst
Burundi,BDI,2019,9.05940628,56.2,62.18,449.0,Afrique de lEst
Burundi,BDI,2020,10.70776176,54.3,62.569,441.0,Afrique de lEst
Burundi,BDI,2021,8.94190311,52.3,62.101,447.0,Afrique de lEst
Burundi,BDI,2022,8.6687746,50.3,62.882,412.0,Afrique de lEst
Cabo Verde,CPV,2000,3.86025023,36.0,68.117,110.0,Afrique de lOuest
Cabo Verde,CPV,2001,3.69652915,32.8,68.707,101.0,Afrique de lOuest
Cabo Verde,CPV,2002,3.72489762,30.5,69.447,92.0,Afrique de lOuest
Cabo Verde,CPV,2003,3.6274426,29.0,70.006,86.0,Afrique de lOuest
Cabo Verde,CPV,2004,3.54616308,28.2,70.499,80.0,Afrique de lOuest
Cabo Verde,CPV,2005,3.34086585,28.0,70.936,75.0,Afrique de lOuest
Cabo Verde,CPV,2006,3.82406759,28.0,71.341,76.0,Afrique de lOuest
Cabo Verde,CPV,2007,3.84218621,28.1,71.487,73.0,Afrique de lOuest
Cabo Verde,CPV,2008,3.26951575,27.9,71.888,68.0,Afrique de lOuest
Cabo Verde,CPV,2009,3.55867004,27.5,72.142,62.0,Afrique de lOuest
Cabo Verde,CPV,2010,4.08085394,26.7,72.507,61.0,Afrique de lOuest
Cabo Verde,CPV,2011,3.92527819,25.6,72.913,55.0,Afrique de lOuest
Cabo Verde,CPV,2012,4.6740551,24.2,73.315,51.0,Afrique de lOuest
Cabo Verde,CPV,2013,4.82468271,22.6,73.481,50.0,Afrique de lOuest
Cabo Verde,CPV,2014,4.85231543,20.9,73.788,48.0,Afrique de lOuest
Cabo Verde,CPV,2015,4.40073681,19.2,74.096,46.0,Afrique de lOuest
Cabo Verde,CPV,2016,4.36134005,17.6,74.35,44.0,Afrique de lOuest
Cabo Verde,CPV,2017,4.48070955,16.2,74.71,43.0,Afrique de lOuest
Cabo Verde,CPV,2018,4.78548193,15.1,74.84,43.0,Afrique de lOuest
Cabo Verde,CPV,2019,4.82431316,14.1,75.449,41.0,Afrique de lOuest
Cabo Verde,CPV,2020,7.03399324,13.3,73.818,56.0,Afrique de lOuest
Cabo Verde,CPV,2021,6.60773611,12.7,74.424,56.0,Afrique de lOuest
Cabo Verde,CPV,2022,6.70243406,12.1,75.907,42.0,Afrique de lOuest
Cameroon,CMR,2000,4.29573393,143.9,53.338,678.0,Afrique Centrale
Cameroon,CMR,2001,4.16830397,141.0,53.598,672.0,Afrique Centrale
Cameroon,CMR,2002,4.02669907,137.6,53.922,658.0,Afrique Centrale
Cameroon,CMR,2003,3.90227985,134.3,54.253,645.0,Afrique Centrale
Cameroon,CMR,2004,3.72798991,130.9,54.578,633.0,Afrique Centrale
Cameroon,CMR,2005,3.77274442,127.6,54.904,629.0,Afrique Centrale
Cameroon,CMR,2006,3.73662829,124.2,55.301,615.0,Afrique Centrale
Cameroon,CMR,2007,3.79498792,120.8,55.71,605.0,Afrique Centrale
Cameroon,CMR,2008,3.65843678,117.2,56.116,592.0,Afrique Centrale
Cameroon,CMR,2009,3.49997187,113.7,56.486,579.0,Afrique Centrale
Cameroon,CMR,2010,3.57742167,109.5,56.965,562.0,Afrique Centrale
Cameroon,CMR,2011,3.85282946,105.2,57.482,541.0,Afrique Centrale
Cameroon,CMR,2012,3.9310236,100.8,58.17,500.0,Afrique Centrale
Cameroon,CMR,2013,3.63136435,96.5,58.73,469.0,Afrique Centrale
Cameroon,CMR,2014,4.34148788,92.4,59.13,440.0,Afrique Centrale
Cameroon,CMR,2015,4.12600517,88.5,59.687,417.0,Afrique Centrale
Cameroon,CMR,2016,4.02253723,85.1,60.293,393.0,Afrique Centrale
Cameroon,CMR,2017,3.79293942,81.9,60.817,372.0,Afrique Centrale
Cameroon,CMR,2018,3.61970162,78.9,61.189,354.0,Afrique Centrale
Cameroon,CMR,2019,3.65157914,76.6,61.695,336.0,Afrique Centrale
Cameroon,CMR,2020,4.25051928,74.4,61.674,316.0,Afrique Centrale
Cameroon,CMR,2021,4.34109783,71.9,61.146,342.0,Afrique Centrale
Cameroon,CMR,2022,4.49439144,69.4,62.443,276.0,Afrique Centrale
Central African Republic,CAF,2000,4.3808217,165.5,46.609,1490.0,Afrique Centrale
Central African Republic,CAF,2001,4.01043987,162.5,46.734,1504.0,Afrique Centrale
Central African Republic,CAF,2002,4.23633623,159.0,46.84,1496.0,Afrique Centrale
Central African Republic,CAF,2003,4.18572474,155.6,47.306,1487.0,Afrique Centrale
Central African Republic,CAF,2004,4.14367914,151.8,47.696,1450.0,Afrique Centrale
Central African Republic,CAF,2005,4.22857571,147.9,48.207,1389.0,Afrique Centrale
Central African Republic,CAF,2006,4.31108665,143.5,48.687,1337.0,Afrique Centrale
Central African Republic,CAF,2007,4.6338892,139.3,49.327,1271.0,Afrique Centrale
Central African Republic,CAF,2008,4.02635765,135.5,49.873,1234.0,Afrique Centrale
Central African Republic,CAF,2009,4.68325615,489.3,14.665,1272.0,Afrique Centrale
Central African Republic,CAF,2010,3.56699872,150.7,46.871,1230.0,Afrique Centrale
Central African Republic,CAF,2011,3.67561865,125.1,50.107,1131.0,Afrique Centrale
Central African Republic,CAF,2012,3.91814446,121.9,51.336,1092.0,Afrique Centrale
Central African Republic,CAF,2013,4.76660204,134.2,49.487,1092.0,Afrique Centrale
Central African Republic,CAF,2014,4.56557369,186.8,40.265,1034.0,Afrique Centrale
Central African Republic,CAF,2015,5.03434181,113.7,51.934,981.0,Afrique Centrale
Central African Republic,CAF,2016,5.44402313,126.8,50.999,962.0,Afrique Centrale
Central African Republic,CAF,2017,6.66541576,155.2,45.231,1093.0,Afrique Centrale
Central African Republic,CAF,2018,10.99484062,120.2,52.297,881.0,Afrique Centrale
Central African Republic,CAF,2019,7.76081514,254.7,31.53,1650.0,Afrique Centrale
Central African Republic,CAF,2020,8.98488045,124.2,50.596,1296.0,Afrique Centrale
Central African Republic,CAF,2021,9.15097523,178.7,40.279,1127.0,Afrique Centrale
Central African Republic,CAF,2022,9.94993496,424.6,18.818,841.0,Afrique Centrale
Chad,TCD,2000,4.20697546,182.4,47.937,1208.0,Afrique Centrale
Chad,TCD,2001,4.08039331,179.0,48.306,1204.0,Afrique Centrale
Chad,TCD,2002,5.60251188,175.6,48.36,1199.0,Afrique Centrale
Chad,TCD,2003,4.24698305,172.3,48.609,1170.0,Afrique Centrale
Chad,TCD,2004,4.23982859,168.8,48.687,1167.0,Afrique Centrale
Chad,TCD,2005,3.73196912,165.4,48.86,1189.0,Afrique Centrale
Chad,TCD,2006,3.73417258,161.8,48.747,1220.0,Afrique Centrale
Chad,TCD,2007,3.47199655,158.1,49.21,1240.0,Afrique Centrale
Chad,TCD,2008,3.16359782,154.3,49.503,1264.0,Afrique Centrale
Chad,TCD,2009,3.36260128,150.5,49.828,1285.0,Afrique Centrale
Chad,TCD,2010,3.08810997,146.7,50.107,1284.0,Afrique Centrale
Chad,TCD,2011,2.85585785,142.9,50.426,1264.0,Afrique Centrale
Chad,TCD,2012,2.67306423,139.3,50.765,1245.0,Afrique Centrale
Chad,TCD,2013,2.95766044,135.8,51.051,1216.0,Afrique Centrale
Chad,TCD,2014,3.29708338,132.3,51.141,1198.0,Afrique Centrale
Chad,TCD,2015,3.40253925,128.7,51.32,1176.0,Afrique Centrale
Chad,TCD,2016,3.70842481,125.0,51.603,1133.0,Afrique Centrale
Chad,TCD,2017,3.51023412,121.4,51.875,1085.0,Afrique Centrale
Chad,TCD,2018,3.2893219,117.6,52.447,1020.0,Afrique Centrale
Chad,TCD,2019,3.38471627,114.0,52.993,958.0,Afrique Centrale
Chad,TCD,2020,4.35215092,110.6,53.082,877.0,Afrique Centrale
Chad,TCD,2021,3.9722333,107.3,53.136,869.0,Afrique Centrale
Chad,TCD,2022,4.15823555,103.9,54.528,775.0,Afrique Centrale
Comoros,COM,2000,7.51525021,79.9,58.941,476.0,Afrique de lEst
Comoros,COM,2001,6.6571784,76.8,59.587,440.0,Afrique de lEst
Comoros,COM,2002,6.68594599,73.8,59.723,428.0,Afrique de lEst
Comoros,COM,2003,6.66024828,71.0,60.24,400.0,Afrique de lEst
Comoros,COM,2004,6.58576155,68.3,60.557,385.0,Afrique de lEst
Comoros,COM,2005,6.13142872,65.8,60.883,373.0,Afrique de lEst
Comoros,COM,2006,5.77341843,63.4,61.229,360.0,Afrique de lEst
Comoros,COM,2007,5.41753864,61.2,61.475,352.0,Afrique de lEst
Comoros,COM,2008,5.06897497,59.2,61.955,334.0,Afrique de lEst
Comoros,COM,2009,4.92694378,57.3,62.302,320.0,Afrique de lEst
Comoros,COM,2010,4.99181557,55.6,62.747,305.0,Afrique de lEst
Comoros,COM,2011,5.3021183,54.0,63.105,291.0,Afrique de lEst
Comoros,COM,2012,5.17354631,52.5,63.463,274.0,Afrique de lEst
Comoros,COM,2013,5.10299301,51.2,63.839,260.0,Afrique de lEst
Comoros,COM,2014,5.23849726,50.0,64.143,247.0,Afrique de lEst
Comoros,COM,2015,4.60089922,48.9,64.473,237.0,Afrique de lEst
Comoros,COM,2016,4.65263557,47.9,64.792,225.0,Afrique de lEst
Comoros,COM,2017,5.26807451,46.9,65.127,219.0,Afrique de lEst
Comoros,COM,2018,4.90318584,45.8,65.401,209.0,Afrique de lEst
Comoros,COM,2019,5.18044472,44.8,65.662,202.0,Afrique de lEst
Comoros,COM,2020,5.902421,43.7,65.756,198.0,Afrique de lEst
Comoros,COM,2021,6.46315002,42.6,65.201,215.0,Afrique de lEst
Comoros,COM,2022,8.47119522,41.4,66.481,186.0,Afrique de lEst
"Congo, Dem. Rep.",COD,2000,1.46594739,184.6,51.887,585.0,Afrique Centrale
"Congo, Dem. Rep.",COD,2001,2.62310982,178.4,52.205,588.0,Afrique Centrale
"Congo, Dem. Rep.",COD,2002,2.57012939,172.2,52.371,601.0,Afrique Centrale
"Congo, Dem. Rep.",COD,2003,3.73353338,165.9,52.952,605.0,Afrique Centrale
"Congo, Dem. Rep.",COD,2004,4.33564186,159.4,53.534,607.0,Afrique Centrale
"Congo, Dem. Rep.",COD,2005,3.98558235,124.4,54.001,613.0,Afrique Centrale
"Congo, Dem. Rep.",COD,2006,4.06210661,118.9,54.498,619.0,Afrique Centrale
"Congo, Dem. Rep.",COD,2007,3.89384961,113.8,54.954,631.0,Afrique Centrale
"Congo, Dem. Rep.",COD,2008,4.31254816,109.2,55.388,620.0,Afrique Centrale
"Congo, Dem. Rep.",COD,2009,4.51133156,105.0,55.798,608.0,Afrique Centrale
"Congo, Dem. Rep.",COD,2010,3.72224283,101.4,56.411,601.0,Afrique Centrale
"Congo, Dem. Rep.",COD,2011,3.19435549,98.3,56.911,589.0,Afrique Centrale
"Congo, Dem. Rep.",COD,2012,3.2215035,95.9,57.35,578.0,Afrique Centrale
"Congo, Dem. Rep.",COD,2013,3.34057522,94.1,57.795,567.0,Afrique Centrale
"Congo, Dem. Rep.",COD,2014,3.72520614,92.7,58.236,558.0,Afrique Centrale
"Congo, Dem. Rep.",COD,2015,3.74785447,91.9,58.658,545.0,Afrique Centrale
"Congo, Dem. Rep.",COD,2016,4.20027828,91.5,59.081,526.0,Afrique Centrale
"Congo, Dem. Rep.",COD,2017,4.00057793,91.5,59.495,519.0,Afrique Centrale
"Congo, Dem. Rep.",COD,2018,3.24127173,91.7,59.926,508.0,Afrique Centrale
"Congo, Dem. Rep.",COD,2019,3.508039,92.2,60.242,493.0,Afrique Centrale
"Congo, Dem. Rep.",COD,2020,3.97694445,92.7,60.428,489.0,Afrique Centrale
"Congo, Dem. Rep.",COD,2021,3.86727977,92.9,60.044,507.0,Afrique Centrale
"Congo, Dem. Rep.",COD,2022,3.9417696,92.5,60.979,456.0,Afrique Centrale
"Congo, Rep.",COG,2000,1.50500846,112.5,55.371,509.0,Afrique Centrale
"Congo, Rep.",COG,2001,2.18529987,109.3,55.885,489.0,Afrique Centrale
"Congo, Rep.",COG,2002,1.70167828,104.6,56.414,464.0,Afrique Centrale
"Congo, Rep.",COG,2003,1.91852403,98.9,57.131,436.0,Afrique Centrale
"Congo, Rep.",COG,2004,1.92152369,92.3,57.957,400.0,Afrique Centrale
"Congo, Rep.",COG,2005,1.71774101,85.7,58.73,385.0,Afrique Centrale
"Congo, Rep.",COG,2006,1.70861316,79.5,59.474,394.0,Afrique Centrale
"Congo, Rep.",COG,2007,1.90200174,73.9,60.05,370.0,Afrique Centrale
"Congo, Rep.",COG,2008,2.2392714,69.2,60.79,395.0,Afrique Centrale
"Congo, Rep.",COG,2009,2.1422224,65.3,61.215,414.0,Afrique Centrale
"Congo, Rep.",COG,2010,1.85172856,62.4,61.731,382.0,Afrique Centrale
"Congo, Rep.",COG,2011,1.75237322,60.0,62.286,378.0,Afrique Centrale
"Congo, Rep.",COG,2012,1.90971065,57.9,62.662,374.0,Afrique Centrale
"Congo, Rep.",COG,2013,1.94347155,56.2,62.969,320.0,Afrique Centrale
"Congo, Rep.",COG,2014,1.97311735,54.5,63.349,302.0,Afrique Centrale
"Congo, Rep.",COG,2015,2.45668483,52.7,63.662,284.0,Afrique Centrale
"Congo, Rep.",COG,2016,2.59422994,51.0,63.911,263.0,Afrique Centrale
"Congo, Rep.",COG,2017,2.36476016,49.3,64.203,262.0,Afrique Centrale
"Congo, Rep.",COG,2018,1.75584984,47.6,64.472,259.0,Afrique Centrale
"Congo, Rep.",COG,2019,2.34771276,52.2,63.152,245.0,Afrique Centrale
"Congo, Rep.",COG,2020,4.01775074,44.5,64.391,247.0,Afrique Centrale
"Congo, Rep.",COG,2021,3.46133351,43.0,64.192,301.0,Afrique Centrale
"Congo, Rep.",COG,2022,2.30011368,41.5,65.0,241.0,Afrique Centrale
Cote d'Ivoire,CIV,2000,3.61476922,140.4,51.393,378.0,Afrique de lOuest
Cote d'Ivoire,CIV,2001,3.59047151,136.9,51.428,405.0,Afrique de lOuest
Cote d'Ivoire,CIV,2002,3.54146051,133.1,51.544,427.0,Afrique de lOuest
Cote d'Ivoire,CIV,2003,3.95147705,129.2,51.443,451.0,Afrique de lOuest
Cote d'Ivoire,CIV,2004,4.02148724,125.3,51.939,456.0,Afrique de lOuest
Cote d'Ivoire,CIV,2005,3.96639085,121.2,52.432,492.0,Afrique de lOuest
Cote d'Ivoire,CIV,2006,3.92861462,117.4,52.885,544.0,Afrique de lOuest
Cote d'Ivoire,CIV,2007,4.19379663,113.5,53.452,567.0,Afrique de lOuest
Cote d'Ivoire,CIV,2008,4.1387105,109.0,54.179,562.0,Afrique de lOuest
Cote d'Ivoire,CIV,2009,4.63971424,105.2,54.744,588.0,Afrique de lOuest
Cote d'Ivoire,CIV,2010,4.57494831,101.6,55.282,592.0,Afrique de lOuest
Cote d'Ivoire,CIV,2011,4.39700699,98.4,55.972,569.0,Afrique de lOuest
Cote d'Ivoire,CIV,2012,4.4273715,95.3,56.57,566.0,Afrique de lOuest
Cote d'Ivoire,CIV,2013,3.71773791,92.0,57.057,544.0,Afrique de lOuest
Cote d'Ivoire,CIV,2014,3.7310183,88.6,57.772,522.0,Afrique de lOuest
Cote d'Ivoire,CIV,2015,3.2198832,85.5,58.281,505.0,Afrique de lOuest
Cote d'Ivoire,CIV,2016,3.32101274,83.0,58.814,488.0,Afrique de lOuest
Cote d'Ivoire,CIV,2017,3.24693036,80.5,59.315,465.0,Afrique de lOuest
Cote d'Ivoire,CIV,2018,3.0916779,77.9,59.795,449.0,Afrique de lOuest
Cote d'Ivoire,CIV,2019,3.18916845,75.3,60.274,429.0,Afrique de lOuest
Cote d'Ivoire,CIV,2020,3.62327886,73.0,60.14,447.0,Afrique de lOuest
Cote d'Ivoire,CIV,2021,3.76207662,70.8,60.29,459.0,Afrique de lOuest
Cote d'Ivoire,CIV,2022,3.63847613,68.7,61.562,409.0,Afrique de lOuest
Djibouti,DJI,2000,3.39641857,98.5,56.734,501.0,Afrique de lEst
Djibouti,DJI,2001,3.1960845,96.3,57.506,441.0,Afrique de lEst
Djibouti,DJI,2002,3.75243783,94.0,57.824,404.0,Afrique de lEst
Djibouti,DJI,2003,4.27048731,91.6,58.041,391.0,Afrique de lEst
Djibouti,DJI,2004,3.53544688,89.3,58.103,364.0,Afrique de lEst
Djibouti,DJI,2005,3.80321956,86.9,58.548,315.0,Afrique de lEst
Djibouti,DJI,2006,4.21972466,84.6,58.962,298.0,Afrique de lEst
Djibouti,DJI,2007,4.05262756,82.3,59.362,285.0,Afrique de lEst
Djibouti,DJI,2008,3.6125772,79.9,59.815,273.0,Afrique de lEst
Djibouti,DJI,2009,3.63905573,77.7,60.351,263.0,Afrique de lEst
Djibouti,DJI,2010,3.35699701,75.5,60.743,243.0,Afrique de lEst
Djibouti,DJI,2011,3.37387872,73.4,61.337,229.0,Afrique de lEst
Djibouti,DJI,2012,3.29730988,71.3,61.719,221.0,Afrique de lEst
Djibouti,DJI,2013,2.91782117,69.2,62.116,219.0,Afrique de lEst
Djibouti,DJI,2014,2.95930099,67.2,62.427,212.0,Afrique de lEst
Djibouti,DJI,2015,3.3475771,65.2,62.833,210.0,Afrique de lEst
Djibouti,DJI,2016,2.74166131,63.2,63.335,204.0,Afrique de lEst
Djibouti,DJI,2017,2.47976375,61.2,63.71,201.0,Afrique de lEst
Djibouti,DJI,2018,2.530864,59.4,64.105,199.0,Afrique de lEst
Djibouti,DJI,2019,2.41347837,57.5,64.381,194.0,Afrique de lEst
Djibouti,DJI,2020,2.33861232,55.7,64.2,192.0,Afrique de lEst
Djibouti,DJI,2021,2.87128091,54.0,63.83,221.0,Afrique de lEst
Djibouti,DJI,2022,2.52554536,52.1,65.54,174.0,Afrique de lEst
"Egypt, Arab Rep.",EGY,2000,4.92244291,47.3,67.332,53.0,Afrique du Nord
"Egypt, Arab Rep.",EGY,2001,5.40030336,44.8,67.612,50.0,Afrique du Nord
"Egypt, Arab Rep.",EGY,2002,5.5107379,42.5,67.846,48.0,Afrique du Nord
"Egypt, Arab Rep.",EGY,2003,5.2242527,40.4,68.045,45.0,Afrique du Nord
"Egypt, Arab Rep.",EGY,2004,4.85732365,38.6,68.211,43.0,Afrique du Nord
"Egypt, Arab Rep.",EGY,2005,4.92229176,37.0,68.355,41.0,Afrique du Nord
"Egypt, Arab Rep.",EGY,2006,4.84190083,35.6,68.493,40.0,Afrique du Nord
"Egypt, Arab Rep.",EGY,2007,4.44493246,34.2,68.627,38.0,Afrique du Nord
"Egypt, Arab Rep.",EGY,2008,4.46634817,32.8,68.761,36.0,Afrique du Nord
"Egypt, Arab Rep.",EGY,2009,4.37870932,31.6,68.915,34.0,Afrique du Nord
"Egypt, Arab Rep.",EGY,2010,4.15319157,30.5,69.078,32.0,Afrique du Nord
"Egypt, Arab Rep.",EGY,2011,4.35707569,29.5,69.232,31.0,Afrique du Nord
"Egypt, Arab Rep.",EGY,2012,4.45891809,28.6,69.464,29.0,Afrique du Nord
"Egypt, Arab Rep.",EGY,2013,4.6710043,27.8,69.632,27.0,Afrique du Nord
"Egypt, Arab Rep.",EGY,2014,4.77415323,27.1,69.911,26.0,Afrique du Nord
"Egypt, Arab Rep.",EGY,2015,5.06153202,26.5,70.135,24.0,Afrique du Nord
"Egypt, Arab Rep.",EGY,2016,5.07462406,26.0,70.437,23.0,Afrique du Nord
"Egypt, Arab Rep.",EGY,2017,5.34661913,25.6,70.709,21.0,Afrique du Nord
"Egypt, Arab Rep.",EGY,2018,4.74892998,25.2,70.974,20.0,Afrique du Nord
"Egypt, Arab Rep.",EGY,2019,4.5994668,24.8,71.213,19.0,Afrique du Nord
"Egypt, Arab Rep.",EGY,2020,4.15384626,24.4,69.79,31.0,Afrique du Nord
"Egypt, Arab Rep.",EGY,2021,4.60955143,24.0,68.976,42.0,Afrique du Nord
"Egypt, Arab Rep.",EGY,2022,4.72362804,23.5,71.01,24.0,Afrique du Nord
Equatorial Guinea,GNQ,2000,1.22260201,154.5,53.395,406.0,Afrique Centrale
Equatorial Guinea,GNQ,2001,1.32559299,150.2,53.827,388.0,Afrique Centrale
Equatorial Guinea,GNQ,2002,2.88730073,145.9,54.324,364.0,Afrique Centrale
Equatorial Guinea,GNQ,2003,1.97185338,141.5,54.791,343.0,Afrique Centrale
Equatorial Guinea,GNQ,2004,1.58463597,137.0,55.307,323.0,Afrique Centrale
Equatorial Guinea,GNQ,2005,1.42048728,132.3,55.766,312.0,Afrique Centrale
Equatorial Guinea,GNQ,2006,1.41217864,127.4,56.354,299.0,Afrique Centrale
Equatorial Guinea,GNQ,2007,1.42080677,122.6,56.857,289.0,Afrique Centrale
Equatorial Guinea,GNQ,2008,1.23333216,118.0,57.384,276.0,Afrique Centrale
Equatorial Guinea,GNQ,2009,1.87389886,113.5,57.881,267.0,Afrique Centrale
Equatorial Guinea,GNQ,2010,1.73363662,109.4,58.344,259.0,Afrique Centrale
Equatorial Guinea,GNQ,2011,1.54309607,105.6,58.827,254.0,Afrique Centrale
Equatorial Guinea,GNQ,2012,1.62290311,102.0,59.301,245.0,Afrique Centrale
Equatorial Guinea,GNQ,2013,1.75622749,98.6,59.784,236.0,Afrique Centrale
Equatorial Guinea,GNQ,2014,1.868559,95.3,60.228,227.0,Afrique Centrale
Equatorial Guinea,GNQ,2015,2.45693421,92.1,60.635,222.0,Afrique Centrale
Equatorial Guinea,GNQ,2016,2.97177482,89.0,61.081,216.0,Afrique Centrale
Equatorial Guinea,GNQ,2017,2.86121631,86.1,61.481,212.0,Afrique Centrale
Equatorial Guinea,GNQ,2018,2.92214823,83.2,61.915,204.0,Afrique Centrale
Equatorial Guinea,GNQ,2019,3.27948833,80.7,62.297,198.0,Afrique Centrale
Equatorial Guinea,GNQ,2020,3.70560718,77.9,62.141,196.0,Afrique Centrale
Equatorial Guinea,GNQ,2021,3.5103004,75.1,62.447,202.0,Afrique Centrale
Equatorial Guinea,GNQ,2022,2.83726358,72.8,63.355,183.0,Afrique Centrale
Eritrea,ERI,2000,5.76670074,85.3,56.285,741.0,Afrique de lEst
Eritrea,ERI,2001,5.91931677,81.1,58.359,651.0,Afrique de lEst
Eritrea,ERI,2002,6.68857431,77.3,58.941,636.0,Afrique de lEst
Eritrea,ERI,2003,7.33703375,73.8,59.455,588.0,Afrique de lEst
Eritrea,ERI,2004,7.00984907,70.5,60.063,588.0,Afrique de lEst
Eritrea,ERI,2005,6.8641758,67.5,60.628,567.0,Afrique de lEst
Eritrea,ERI,2006,6.85727453,64.7,61.457,555.0,Afrique de lEst
Eritrea,ERI,2007,5.2786293,62.0,61.998,541.0,Afrique de lEst
Eritrea,ERI,2008,6.57807541,59.6,62.422,530.0,Afrique de lEst
Eritrea,ERI,2009,5.42343187,57.3,63.203,515.0,Afrique de lEst
Eritrea,ERI,2010,4.81866503,55.2,63.665,498.0,Afrique de lEst
Eritrea,ERI,2011,5.1622901,53.3,64.231,478.0,Afrique de lEst
Eritrea,ERI,2012,3.74245787,51.4,64.697,458.0,Afrique de lEst
Eritrea,ERI,2013,4.96813059,49.7,65.005,443.0,Afrique de lEst
Eritrea,ERI,2014,3.91432381,48.1,65.517,430.0,Afrique de lEst
Eritrea,ERI,2015,4.50776815,46.4,65.909,413.0,Afrique de lEst
Eritrea,ERI,2016,3.73838949,44.7,66.242,395.0,Afrique de lEst
Eritrea,ERI,2017,4.15359449,43.3,66.612,379.0,Afrique de lEst
Eritrea,ERI,2018,4.24748898,41.9,66.979,363.0,Afrique de lEst
Eritrea,ERI,2019,4.64806461,40.5,67.306,351.0,Afrique de lEst
Eritrea,ERI,2020,4.31117725,39.1,66.98,334.0,Afrique de lEst
Eritrea,ERI,2021,4.17839003,37.8,66.94,338.0,Afrique de lEst
Eritrea,ERI,2022,3.87537837,36.6,67.789,301.0,Afrique de lEst
Eswatini,SWZ,2000,4.60951757,112.5,47.627,361.0,Afrique Australe
Eswatini,SWZ,2001,5.13895369,115.7,46.344,307.0,Afrique Australe
Eswatini,SWZ,2002,5.52298307,117.0,45.38,331.0,Afrique Australe
Eswatini,SWZ,2003,6.37864399,117.9,44.632,392.0,Afrique Australe
Eswatini,SWZ,2004,6.81432486,118.0,43.906,451.0,Afrique Australe
Eswatini,SWZ,2005,7.37623358,117.0,43.958,529.0,Afrique Australe
Eswatini,SWZ,2006,7.82560062,106.4,44.563,511.0,Afrique Australe
Eswatini,SWZ,2007,7.93004131,100.3,45.16,647.0,Afrique Australe
Eswatini,SWZ,2008,8.85792923,97.9,45.853,766.0,Afrique Australe
Eswatini,SWZ,2009,8.63292217,92.4,46.913,855.0,Afrique Australe
Eswatini,SWZ,2010,8.5912571,82.1,48.331,752.0,Afrique Australe
Eswatini,SWZ,2011,8.46997261,67.6,49.057,765.0,Afrique Australe
Eswatini,SWZ,2012,7.82047606,62.7,50.714,613.0,Afrique Australe
Eswatini,SWZ,2013,7.45703411,59.7,52.11,491.0,Afrique Australe
Eswatini,SWZ,2014,7.25596571,60.0,53.491,369.0,Afrique Australe
Eswatini,SWZ,2015,7.05855274,57.5,54.941,283.0,Afrique Australe
Eswatini,SWZ,2016,6.82044792,54.4,56.228,213.0,Afrique Australe
Eswatini,SWZ,2017,6.98103714,53.6,57.574,151.0,Afrique Australe
Eswatini,SWZ,2018,7.31937742,50.4,58.707,133.0,Afrique Australe
Eswatini,SWZ,2019,8.40033817,51.5,59.85,96.0,Afrique Australe
Eswatini,SWZ,2020,7.0983777,50.5,59.862,102.0,Afrique Australe
Eswatini,SWZ,2021,7.40552139,47.9,58.228,219.0,Afrique Australe
Eswatini,SWZ,2022,7.2449131,47.3,63.028,112.0,Afrique Australe
Ethiopia,ETH,2000,4.36504698,140.1,50.88,870.0,Afrique de lEst
Ethiopia,ETH,2001,4.72316694,133.8,51.428,856.0,Afrique de lEst
Ethiopia,ETH,2002,4.7126298,127.4,52.085,826.0,Afrique de lEst
Ethiopia,ETH,2003,4.89970922,121.0,52.877,797.0,Afrique de lEst
Ethiopia,ETH,2004,4.31281853,114.6,53.735,764.0,Afrique de lEst
Ethiopia,ETH,2005,4.10098124,108.3,54.364,754.0,Afrique de lEst
Ethiopia,ETH,2006,4.45757294,102.4,55.402,729.0,Afrique de lEst
Ethiopia,ETH,2007,5.00128317,96.9,56.566,704.0,Afrique de lEst
Ethiopia,ETH,2008,4.28063869,91.8,57.733,678.0,Afrique de lEst
Ethiopia,ETH,2009,4.6496563,87.1,58.715,649.0,Afrique de lEst
Ethiopia,ETH,2010,5.46637249,82.7,59.709,619.0,Afrique de lEst
Ethiopia,ETH,2011,4.46897745,78.6,60.595,588.0,Afrique de lEst
Ethiopia,ETH,2012,4.5395956,74.8,61.443,545.0,Afrique de lEst
Ethiopia,ETH,2013,4.07506514,71.2,62.161,494.0,Afrique de lEst
Ethiopia,ETH,2014,4.03365517,67.7,62.927,444.0,Afrique de lEst
Ethiopia,ETH,2015,3.82316828,64.4,63.592,401.0,Afrique de lEst
Ethiopia,ETH,2016,3.60033751,61.3,64.162,364.0,Afrique de lEst
Ethiopia,ETH,2017,3.45336914,58.4,64.766,327.0,Afrique de lEst
Ethiopia,ETH,2018,3.30371761,55.8,65.257,297.0,Afrique de lEst
Ethiopia,ETH,2019,3.24287128,53.6,65.741,269.0,Afrique de lEst
Ethiopia,ETH,2020,3.48096275,51.5,65.969,244.0,Afrique de lEst
Ethiopia,ETH,2021,3.20779967,70.4,65.33,250.0,Afrique de lEst
Ethiopia,ETH,2022,2.85298109,68.1,66.897,207.0,Afrique de lEst
Gabon,GAB,2000,2.90471101,73.3,61.81,178.0,Afrique Centrale
Gabon,GAB,2001,3.15198207,71.5,61.982,160.0,Afrique Centrale
Gabon,GAB,2002,3.32970691,69.6,62.175,151.0,Afrique Centrale
Gabon,GAB,2003,3.53648472,67.7,62.463,134.0,Afrique Centrale
Gabon,GAB,2004,3.36498594,65.6,62.694,142.0,Afrique Centrale
Gabon,GAB,2005,2.92175174,63.6,62.978,175.0,Afrique Centrale
Gabon,GAB,2006,3.14623928,61.8,63.259,186.0,Afrique Centrale
Gabon,GAB,2007,3.0834198,59.7,63.619,173.0,Afrique Centrale
Gabon,GAB,2008,2.84760666,57.6,64.011,158.0,Afrique Centrale
Gabon,GAB,2009,3.78076673,55.6,64.361,158.0,Afrique Centrale
Gabon,GAB,2010,2.47556901,53.4,64.715,144.0,Afrique Centrale
Gabon,GAB,2011,2.55771565,51.3,65.102,149.0,Afrique Centrale
Gabon,GAB,2012,2.42097569,49.4,65.438,173.0,Afrique Centrale
Gabon,GAB,2013,2.84087205,47.3,65.751,235.0,Afrique Centrale
Gabon,GAB,2014,2.53282261,45.8,66.07,273.0,Afrique Centrale
Gabon,GAB,2015,2.65743947,44.4,66.336,239.0,Afrique Centrale
Gabon,GAB,2016,3.1076982,42.7,66.583,215.0,Afrique Centrale
Gabon,GAB,2017,2.78068876,41.4,66.816,184.0,Afrique Centrale
Gabon,GAB,2018,2.75235105,39.9,67.043,176.0,Afrique Centrale
Gabon,GAB,2019,2.76837039,38.5,67.337,179.0,Afrique Centrale
Gabon,GAB,2020,3.4401269,36.8,67.073,194.0,Afrique Centrale
Gabon,GAB,2021,2.79254127,35.8,67.072,249.0,Afrique Centrale
Gabon,GAB,2022,2.89087176,34.7,67.713,216.0,Afrique Centrale
"Gambia, The",GMB,2000,10.78532791,112.8,56.899,810.0,Afrique de lOuest
"Gambia, The",GMB,2001,8.29925728,108.1,57.283,794.0,Afrique de lOuest
"Gambia, The",GMB,2002,6.2326026,103.6,57.736,772.0,Afrique de lOuest
"Gambia, The",GMB,2003,5.29709053,99.2,58.223,749.0,Afrique de lOuest
"Gambia, The",GMB,2004,5.42000151,94.9,58.749,719.0,Afrique de lOuest
"Gambia, The",GMB,2005,5.386024,90.7,59.11,707.0,Afrique de lOuest
"Gambia, The",GMB,2006,5.43720818,86.8,59.667,682.0,Afrique de lOuest
"Gambia, The",GMB,2007,4.95501947,83.0,60.001,675.0,Afrique de lOuest
"Gambia, The",GMB,2008,4.65938759,79.4,60.473,653.0,Afrique de lOuest
"Gambia, The",GMB,2009,4.46430635,76.0,60.735,634.0,Afrique de lOuest
"Gambia, The",GMB,2010,4.11944056,72.7,61.167,632.0,Afrique de lOuest
"Gambia, The",GMB,2011,4.36967373,69.7,61.561,634.0,Afrique de lOuest
"Gambia, The",GMB,2012,4.26872253,66.8,61.9,628.0,Afrique de lOuest
"Gambia, The",GMB,2013,3.91374874,64.0,62.252,606.0,Afrique de lOuest
"Gambia, The",GMB,2014,3.05234575,61.4,62.576,561.0,Afrique de lOuest
"Gambia, The",GMB,2015,3.1761291,58.9,62.971,527.0,Afrique de lOuest
"Gambia, The",GMB,2016,3.19523716,56.6,63.386,490.0,Afrique de lOuest
"Gambia, The",GMB,2017,3.35449266,54.3,63.708,469.0,Afrique de lOuest
"Gambia, The",GMB,2018,3.18501234,52.3,64.034,450.0,Afrique de lOuest
"Gambia, The",GMB,2019,3.14534926,50.4,64.427,422.0,Afrique de lOuest
"Gambia, The",GMB,2020,4.01436949,48.6,64.418,400.0,Afrique de lOuest
"Gambia, The",GMB,2021,3.74321485,47.0,63.847,420.0,Afrique de lOuest
"Gambia, The",GMB,2022,3.53697729,45.3,64.859,365.0,Afrique de lOuest
Ghana,GHA,2000,1.66343236,99.9,58.139,472.0,Afrique de lOuest
Ghana,GHA,2001,1.86866331,95.8,58.403,460.0,Afrique de lOuest
Ghana,GHA,2002,1.94694591,91.9,58.709,434.0,Afrique de lOuest
Ghana,GHA,2003,2.14935279,88.2,59.014,410.0,Afrique de lOuest
Ghana,GHA,2004,2.36955285,85.0,59.316,403.0,Afrique de lOuest
Ghana,GHA,2005,3.27344108,82.0,59.638,390.0,Afrique de lOuest
Ghana,GHA,2006,3.67208791,79.1,59.975,385.0,Afrique de lOuest
Ghana,GHA,2007,3.70900321,76.2,60.282,377.0,Afrique de lOuest
Ghana,GHA,2008,3.72533512,73.1,60.578,380.0,Afrique de lOuest
Ghana,GHA,2009,4.17717743,69.8,60.928,369.0,Afrique de lOuest
Ghana,GHA,2010,4.52302933,66.5,61.297,363.0,Afrique de lOuest
Ghana,GHA,2011,4.46374655,63.3,61.617,356.0,Afrique de lOuest
Ghana,GHA,2012,3.93023658,60.3,61.995,351.0,Afrique de lOuest
Ghana,GHA,2013,4.59225416,57.5,62.397,338.0,Afrique de lOuest
Ghana,GHA,2014,4.01644135,54.9,62.832,317.0,Afrique de lOuest
Ghana,GHA,2015,4.54299259,52.5,63.175,310.0,Afrique de lOuest
Ghana,GHA,2016,3.39035821,50.3,63.522,296.0,Afrique de lOuest
Ghana,GHA,2017,2.68786979,48.2,63.829,287.0,Afrique de lOuest
Ghana,GHA,2018,2.43001175,46.1,64.138,276.0,Afrique de lOuest
Ghana,GHA,2019,3.25450468,44.1,64.455,260.0,Afrique de lOuest
Ghana,GHA,2020,4.4331708,42.2,64.309,253.0,Afrique de lOuest
Ghana,GHA,2021,3.86030865,40.3,64.286,264.0,Afrique de lOuest
Ghana,GHA,2022,3.67459154,38.6,65.246,239.0,Afrique de lOuest
Guinea,GIN,2000,4.74101353,165.7,52.42,951.0,Afrique de lOuest
Guinea,GIN,2001,4.88433027,159.0,52.669,946.0,Afrique de lOuest
Guinea,GIN,2002,5.35653734,152.7,53.2,916.0,Afrique de lOuest
Guinea,GIN,2003,4.77216482,146.9,53.589,892.0,Afrique de lOuest
Guinea,GIN,2004,4.77632809,141.6,53.975,869.0,Afrique de lOuest
Guinea,GIN,2005,4.03452682,137.0,54.422,843.0,Afrique de lOuest
Guinea,GIN,2006,3.61526895,133.1,54.875,825.0,Afrique de lOuest
Guinea,GIN,2007,3.48262477,129.7,55.233,802.0,Afrique de lOuest
Guinea,GIN,2008,3.26561713,126.9,55.703,772.0,Afrique de lOuest
Guinea,GIN,2009,3.58146644,124.4,56.052,766.0,Afrique de lOuest
Guinea,GIN,2010,3.42781734,122.2,56.431,750.0,Afrique de lOuest
Guinea,GIN,2011,3.78955102,120.3,56.778,728.0,Afrique de lOuest
Guinea,GIN,2012,3.50398517,118.4,57.117,703.0,Afrique de lOuest
Guinea,GIN,2013,3.46108651,116.6,57.459,682.0,Afrique de lOuest
Guinea,GIN,2014,4.787992,115.4,57.581,664.0,Afrique de lOuest
Guinea,GIN,2015,5.80919266,113.7,57.899,642.0,Afrique de lOuest
Guinea,GIN,2016,5.39694929,111.4,58.49,606.0,Afrique de lOuest
Guinea,GIN,2017,3.91512728,109.5,58.715,582.0,Afrique de lOuest
Guinea,GIN,2018,3.73843002,107.5,59.043,560.0,Afrique de lOuest
Guinea,GIN,2019,4.08876228,105.4,59.379,548.0,Afrique de lOuest
Guinea,GIN,2020,3.90094519,102.9,59.35,528.0,Afrique de lOuest
Guinea,GIN,2021,3.7175858,100.3,59.373,533.0,Afrique de lOuest
Guinea,GIN,2022,3.83292699,97.6,60.432,500.0,Afrique de lOuest
Guinea-Bissau,GNB,2000,4.18953228,174.8,50.565,1295.0,Afrique de lOuest
Guinea-Bissau,GNB,2001,4.12891531,169.3,51.054,1222.0,Afrique de lOuest
Guinea-Bissau,GNB,2002,3.87280011,163.6,51.608,1141.0,Afrique de lOuest
Guinea-Bissau,GNB,2003,3.50201416,157.7,52.186,1069.0,Afrique de lOuest
Guinea-Bissau,GNB,2004,4.27070189,151.6,52.8,980.0,Afrique de lOuest
Guinea-Bissau,GNB,2005,4.53462505,145.3,52.949,956.0,Afrique de lOuest
Guinea-Bissau,GNB,2006,5.07826185,139.1,54.089,831.0,Afrique de lOuest
Guinea-Bissau,GNB,2007,4.92573404,132.8,54.87,792.0,Afrique de lOuest
Guinea-Bissau,GNB,2008,5.35239792,126.5,55.3,802.0,Afrique de lOuest
Guinea-Bissau,GNB,2009,4.61063194,120.2,56.297,753.0,Afrique de lOuest
Guinea-Bissau,GNB,2010,4.87133694,114.3,56.999,698.0,Afrique de lOuest
Guinea-Bissau,GNB,2011,6.21634817,108.6,57.663,678.0,Afrique de lOuest
Guinea-Bissau,GNB,2012,5.94134808,103.6,58.27,704.0,Afrique de lOuest
Guinea-Bissau,GNB,2013,7.03943443,99.1,58.879,707.0,Afrique de lOuest
Guinea-Bissau,GNB,2014,9.96897411,95.2,59.476,662.0,Afrique de lOuest
Guinea-Bissau,GNB,2015,8.13228226,91.6,60.071,631.0,Afrique de lOuest
Guinea-Bissau,GNB,2016,8.32881451,88.2,60.619,617.0,Afrique de lOuest
Guinea-Bissau,GNB,2017,7.00049543,85.1,61.148,597.0,Afrique de lOuest
Guinea-Bissau,GNB,2018,7.28164959,82.2,61.652,585.0,Afrique de lOuest
Guinea-Bissau,GNB,2019,7.14602089,79.5,62.161,598.0,Afrique de lOuest
Guinea-Bissau,GNB,2020,8.98898792,76.7,61.343,603.0,Afrique de lOuest
Guinea-Bissau,GNB,2021,8.39794922,74.3,61.653,617.0,Afrique de lOuest
Guinea-Bissau,GNB,2022,8.33752728,72.0,63.605,539.0,Afrique de lOuest
Kenya,KEN,2000,3.62451434,95.2,56.084,206.0,Afrique de lEst
Kenya,KEN,2001,3.74002314,90.5,56.501,188.0,Afrique de lEst
Kenya,KEN,2002,3.82159472,85.6,56.759,182.0,Afrique de lEst
Kenya,KEN,2003,4.03365707,80.8,57.369,177.0,Afrique de lEst
Kenya,KEN,2004,4.21159506,76.1,57.947,177.0,Afrique de lEst
Kenya,KEN,2005,4.2174139,71.2,58.51,178.0,Afrique de lEst
Kenya,KEN,2006,5.0134387,66.8,59.059,188.0,Afrique de lEst
Kenya,KEN,2007,5.12358475,62.9,59.407,198.0,Afrique de lEst
Kenya,KEN,2008,5.19050598,58.0,59.955,197.0,Afrique de lEst
Kenya,KEN,2009,5.29172945,55.2,60.483,208.0,Afrique de lEst
Kenya,KEN,2010,5.38849831,53.1,60.915,210.0,Afrique de lEst
Kenya,KEN,2011,5.20212841,51.7,61.283,209.0,Afrique de lEst
Kenya,KEN,2012,5.0180583,50.7,61.537,214.0,Afrique de lEst
Kenya,KEN,2013,4.93100405,49.4,61.729,206.0,Afrique de lEst
Kenya,KEN,2014,4.91267347,48.3,61.99,203.0,Afrique de lEst
Kenya,KEN,2015,4.76439571,46.8,62.279,203.0,Afrique de lEst
Kenya,KEN,2016,4.75429106,45.5,62.526,196.0,Afrique de lEst
Kenya,KEN,2017,3.98597503,44.7,62.725,186.0,Afrique de lEst
Kenya,KEN,2018,4.09903383,43.7,62.825,183.0,Afrique de lEst
Kenya,KEN,2019,4.36874676,42.7,62.939,176.0,Afrique de lEst
Kenya,KEN,2020,4.49248886,42.1,61.596,184.0,Afrique de lEst
Kenya,KEN,2021,4.56992722,41.3,61.225,183.0,Afrique de lEst
Kenya,KEN,2022,4.32241869,40.5,63.549,155.0,Afrique de lEst
Lesotho,LSO,2000,5.15633392,108.3,48.783,413.0,Afrique Australe
Lesotho,LSO,2001,6.59075689,110.3,47.153,465.0,Afrique Australe
Lesotho,LSO,2002,5.8607502,112.1,45.95,484.0,Afrique Australe
Lesotho,LSO,2003,5.33754826,113.2,44.921,508.0,Afrique Australe
Lesotho,LSO,2004,5.24658537,113.9,44.039,499.0,Afrique Australe
Lesotho,LSO,2005,4.67452669,114.6,43.611,549.0,Afrique Australe
Lesotho,LSO,2006,5.40532398,114.7,43.182,696.0,Afrique Australe
Lesotho,LSO,2007,7.22251844,111.9,43.66,891.0,Afrique Australe
Lesotho,LSO,2008,7.66648197,111.6,44.304,1205.0,Afrique Australe
Lesotho,LSO,2009,8.9529829,99.1,45.055,1387.0,Afrique Australe
Lesotho,LSO,2010,7.4048481,90.9,46.045,1311.0,Afrique Australe
Lesotho,LSO,2011,8.99487114,85.2,46.93,1210.0,Afrique Australe
Lesotho,LSO,2012,9.98601341,81.4,48.235,1000.0,Afrique Australe
Lesotho,LSO,2013,10.97986031,79.3,49.547,855.0,Afrique Australe
Lesotho,LSO,2014,9.98823929,77.6,50.786,707.0,Afrique Australe
Lesotho,LSO,2015,9.25280476,75.1,51.83,594.0,Afrique Australe
Lesotho,LSO,2016,9.19744301,71.4,52.908,518.0,Afrique Australe
Lesotho,LSO,2017,10.52956581,70.1,53.874,468.0,Afrique Australe
Lesotho,LSO,2018,11.12637329,68.8,54.638,491.0,Afrique Australe
Lesotho,LSO,2019,21.92373085,68.1,55.249,467.0,Afrique Australe
Lesotho,LSO,2020,10.40836906,66.3,55.133,529.0,Afrique Australe
Lesotho,LSO,2021,10.66165733,64.0,54.209,577.0,Afrique Australe
Lesotho,LSO,2022,12.89569187,62.0,56.812,477.0,Afrique Australe
Liberia,LBR,2000,2.69215393,194.9,51.852,786.0,Afrique de lOuest
Liberia,LBR,2001,2.15581036,181.7,53.109,720.0,Afrique de lOuest
Liberia,LBR,2002,2.16462922,168.6,54.061,700.0,Afrique de lOuest
Liberia,LBR,2003,2.51847482,156.2,53.045,759.0,Afrique de lOuest
Liberia,LBR,2004,5.90509653,144.8,55.949,645.0,Afrique de lOuest
Liberia,LBR,2005,6.69497347,134.9,56.765,619.0,Afrique de lOuest
Liberia,LBR,2006,5.77426577,126.5,57.495,647.0,Afrique de lOuest
Liberia,LBR,2007,4.32884932,119.6,58.147,659.0,Afrique de lOuest
Liberia,LBR,2008,5.99615717,114.0,58.675,663.0,Afrique de lOuest
Liberia,LBR,2009,8.98514843,109.5,59.106,674.0,Afrique de lOuest
Liberia,LBR,2010,8.43860245,105.7,59.358,712.0,Afrique de lOuest
Liberia,LBR,2011,8.58399582,102.4,59.486,726.0,Afrique de lOuest
Liberia,LBR,2012,7.62987185,99.5,59.785,728.0,Afrique de lOuest
Liberia,LBR,2013,7.15610409,97.0,59.992,725.0,Afrique de lOuest
Liberia,LBR,2014,8.09817886,97.0,59.21,801.0,Afrique de lOuest
Liberia,LBR,2015,10.38244438,93.2,59.248,784.0,Afrique de lOuest
Liberia,LBR,2016,9.88514519,91.5,60.483,690.0,Afrique de lOuest
Liberia,LBR,2017,9.91087437,90.3,60.777,703.0,Afrique de lOuest
Liberia,LBR,2018,10.43527889,89.4,60.999,707.0,Afrique de lOuest
Liberia,LBR,2019,8.38325977,88.7,61.232,689.0,Afrique de lOuest
Liberia,LBR,2020,12.90504265,88.3,61.267,664.0,Afrique de lOuest
Liberia,LBR,2021,13.27175999,88.0,61.166,667.0,Afrique de lOuest
Liberia,LBR,2022,13.58819675,87.8,61.934,634.0,Afrique de lOuest
Libya,LBY,2000,3.31908512,28.1,70.542,71.0,Afrique du Nord
Libya,LBY,2001,3.92571616,27.3,70.653,71.0,Afrique du Nord
Libya,LBY,2002,4.73818302,26.5,70.788,69.0,Afrique du Nord
Libya,LBY,2003,3.97301245,25.5,70.996,68.0,Afrique du Nord
Libya,LBY,2004,3.38328195,24.4,71.21,67.0,Afrique du Nord
Libya,LBY,2005,2.51707149,23.1,71.439,66.0,Afrique du Nord
Libya,LBY,2006,2.29996443,21.7,71.632,66.0,Afrique du Nord
Libya,LBY,2007,2.41929626,20.2,71.788,67.0,Afrique du Nord
Libya,LBY,2008,2.24441886,18.8,71.936,68.0,Afrique du Nord
Libya,LBY,2009,3.5828805,17.6,72.071,70.0,Afrique du Nord
Libya,LBY,2010,3.28064442,16.6,72.196,71.0,Afrique du Nord
Libya,LBY,2011,4.01902008,19.6,69.95,81.0,Afrique du Nord
Libya,LBY,2012,3.95612097,15.0,72.188,74.0,Afrique du Nord
Libya,LBY,2013,4.97548628,14.4,72.339,75.0,Afrique du Nord
Libya,LBY,2014,5.17777824,13.8,71.3,77.0,Afrique du Nord
Libya,LBY,2015,5.80638647,13.3,71.644,76.0,Afrique du Nord
Libya,LBY,2016,6.17178679,12.8,71.799,74.0,Afrique du Nord
Libya,LBY,2017,4.67685318,12.4,72.721,69.0,Afrique du Nord
Libya,LBY,2018,4.86648417,11.9,73.151,66.0,Afrique du Nord
Libya,LBY,2019,5.54773426,11.6,72.941,65.0,Afrique du Nord
Libya,LBY,2020,7.10674047,11.2,72.388,71.0,Afrique du Nord
Libya,LBY,2021,6.05457449,10.8,72.062,98.0,Afrique du Nord
Libya,LBY,2022,4.74433613,10.4,74.462,60.0,Afrique du Nord
Madagascar,MDG,2000,3.99177623,104.4,57.974,638.0,Afrique de lEst
Madagascar,MDG,2001,4.11513853,99.8,58.674,611.0,Afrique de lEst
Madagascar,MDG,2002,4.92866945,95.6,59.17,593.0,Afrique de lEst
Madagascar,MDG,2003,5.00276566,91.6,59.693,571.0,Afrique de lEst
Madagascar,MDG,2004,5.25090027,87.8,60.168,555.0,Afrique de lEst
Madagascar,MDG,2005,5.21557808,84.1,60.664,540.0,Afrique de lEst
Madagascar,MDG,2006,5.07203865,80.8,61.14,528.0,Afrique de lEst
Madagascar,MDG,2007,4.60865784,77.6,61.533,522.0,Afrique de lEst
Madagascar,MDG,2008,4.08111811,74.8,61.992,510.0,Afrique de lEst
Madagascar,MDG,2009,4.38469839,72.4,62.304,507.0,Afrique de lEst
Madagascar,MDG,2010,4.69762659,70.3,62.597,500.0,Afrique de lEst
Madagascar,MDG,2011,4.521595,68.6,62.86,492.0,Afrique de lEst
Madagascar,MDG,2012,3.91105914,67.3,63.007,487.0,Afrique de lEst
Madagascar,MDG,2013,3.75156307,66.4,63.161,481.0,Afrique de lEst
Madagascar,MDG,2014,4.46240282,65.7,63.261,477.0,Afrique de lEst
Madagascar,MDG,2015,5.0062542,65.3,63.362,474.0,Afrique de lEst
Madagascar,MDG,2016,5.33248854,64.9,63.431,470.0,Afrique de lEst
Madagascar,MDG,2017,4.80225945,64.9,63.433,469.0,Afrique de lEst
Madagascar,MDG,2018,4.22160387,64.9,63.491,466.0,Afrique de lEst
Madagascar,MDG,2019,3.10129309,65.0,63.504,462.0,Afrique de lEst
Madagascar,MDG,2020,3.72316122,65.1,62.706,447.0,Afrique de lEst
Madagascar,MDG,2021,3.55335546,65.0,62.516,467.0,Afrique de lEst
Madagascar,MDG,2022,3.14948058,64.5,63.068,439.0,Afrique de lEst
Malawi,MWI,2000,2.35247517,171.0,46.17,506.0,Afrique de lEst
Malawi,MWI,2001,2.06040049,239.0,47.205,447.0,Afrique de lEst
Malawi,MWI,2002,2.69725966,143.2,48.176,404.0,Afrique de lEst
Malawi,MWI,2003,3.32019806,130.0,49.601,346.0,Afrique de lEst
Malawi,MWI,2004,4.07199907,118.7,51.073,304.0,Afrique de lEst
Malawi,MWI,2005,4.30046511,109.7,52.469,283.0,Afrique de lEst
Malawi,MWI,2006,4.91223288,102.7,53.652,286.0,Afrique de lEst
Malawi,MWI,2007,5.44258356,96.9,54.687,333.0,Afrique de lEst
Malawi,MWI,2008,6.10668802,91.0,55.715,430.0,Afrique de lEst
Malawi,MWI,2009,5.87333822,85.3,56.714,512.0,Afrique de lEst
Malawi,MWI,2010,5.14304781,80.1,57.787,517.0,Afrique de lEst
Malawi,MWI,2011,5.32226658,74.0,58.859,486.0,Afrique de lEst
Malawi,MWI,2012,6.02199793,67.9,59.87,447.0,Afrique de lEst
Malawi,MWI,2013,8.22379494,62.9,60.816,410.0,Afrique de lEst
Malawi,MWI,2014,6.89776182,60.0,61.651,367.0,Afrique de lEst
Malawi,MWI,2015,6.62879086,57.4,62.324,354.0,Afrique de lEst
Malawi,MWI,2016,7.72703791,55.8,63.163,312.0,Afrique de lEst
Malawi,MWI,2017,7.58438921,53.8,63.914,284.0,Afrique de lEst
Malawi,MWI,2018,6.88249922,52.0,64.464,267.0,Afrique de lEst
Malawi,MWI,2019,6.37021732,51.3,64.995,260.0,Afrique de lEst
Malawi,MWI,2020,7.03859568,50.4,65.216,256.0,Afrique de lEst
Malawi,MWI,2021,7.5164628,50.0,64.782,286.0,Afrique de lEst
Malawi,MWI,2022,6.62527609,50.1,66.037,239.0,Afrique de lEst
Mali,MLI,2000,5.4663372,189.9,50.605,741.0,Afrique de lOuest
Mali,MLI,2001,4.51952076,183.9,51.3,694.0,Afrique de lOuest
Mali,MLI,2002,4.99775982,177.7,51.995,649.0,Afrique de lOuest
Mali,MLI,2003,5.05061436,171.7,52.632,616.0,Afrique de lOuest
Mali,MLI,2004,5.21768713,165.8,53.253,592.0,Afrique de lOuest
Mali,MLI,2005,5.19517279,160.1,53.792,577.0,Afrique de lOuest
Mali,MLI,2006,5.4559021,154.6,54.305,568.0,Afrique de lOuest
Mali,MLI,2007,5.2530427,149.2,54.756,574.0,Afrique de lOuest
Mali,MLI,2008,5.02688074,144.0,55.187,573.0,Afrique de lOuest
Mali,MLI,2009,5.21225691,138.9,55.588,565.0,Afrique de lOuest
Mali,MLI,2010,4.67867136,133.8,55.993,558.0,Afrique de lOuest
Mali,MLI,2011,4.01485014,128.8,56.367,553.0,Afrique de lOuest
Mali,MLI,2012,3.7521801,123.9,56.696,549.0,Afrique de lOuest
Mali,MLI,2013,3.96408582,119.1,57.052,525.0,Afrique de lOuest
Mali,MLI,2014,4.48158312,114.4,57.482,507.0,Afrique de lOuest
Mali,MLI,2015,4.11143351,109.7,57.852,490.0,Afrique de lOuest
Mali,MLI,2016,3.77377558,105.1,58.286,472.0,Afrique de lOuest
Mali,MLI,2017,3.67425752,100.6,58.562,453.0,Afrique de lOuest
Mali,MLI,2018,3.73251104,96.2,58.873,434.0,Afrique de lOuest
Mali,MLI,2019,3.82943797,91.9,59.217,416.0,Afrique de lOuest
Mali,MLI,2020,3.50623369,87.6,58.858,405.0,Afrique de lOuest
Mali,MLI,2021,3.54318666,83.6,59.116,415.0,Afrique de lOuest
Mali,MLI,2022,3.72170115,79.7,60.035,381.0,Afrique de lOuest
Mauritania,MRT,2000,3.37824655,98.0,61.044,644.0,Afrique de lOuest
Mauritania,MRT,2001,3.5718379,93.4,61.662,616.0,Afrique de lOuest
Mauritania,MRT,2002,4.00224972,88.2,62.249,590.0,Afrique de lOuest
Mauritania,MRT,2003,4.03254652,82.8,62.805,571.0,Afrique de lOuest
Mauritania,MRT,2004,3.70429492,77.5,63.369,557.0,Afrique de lOuest
Mauritania,MRT,2005,3.40312648,72.5,63.92,536.0,Afrique de lOuest
Mauritania,MRT,2006,2.70252752,68.1,64.493,521.0,Afrique de lOuest
Mauritania,MRT,2007,2.87644005,64.3,64.885,516.0,Afrique de lOuest
Mauritania,MRT,2008,3.01338983,61.3,65.233,506.0,Afrique de lOuest
Mauritania,MRT,2009,3.11034036,58.8,65.485,500.0,Afrique de lOuest
Mauritania,MRT,2010,2.63618922,56.8,65.661,499.0,Afrique de lOuest
Mauritania,MRT,2011,2.47383666,55.1,65.754,494.0,Afrique de lOuest
Mauritania,MRT,2012,2.64919329,53.5,65.808,496.0,Afrique de lOuest
Mauritania,MRT,2013,2.86799884,52.1,65.89,496.0,Afrique de lOuest
Mauritania,MRT,2014,3.46724391,50.6,66.207,484.0,Afrique de lOuest
Mauritania,MRT,2015,3.67363763,49.1,66.498,469.0,Afrique de lOuest
Mauritania,MRT,2016,3.18699503,47.7,66.823,456.0,Afrique de lOuest
Mauritania,MRT,2017,3.41947556,46.2,67.088,450.0,Afrique de lOuest
Mauritania,MRT,2018,2.88362551,44.7,67.419,437.0,Afrique de lOuest
Mauritania,MRT,2019,3.09176588,43.4,67.64,424.0,Afrique de lOuest
Mauritania,MRT,2020,3.00147843,42.0,66.794,413.0,Afrique de lOuest
Mauritania,MRT,2021,3.78022528,40.7,66.762,425.0,Afrique de lOuest
Mauritania,MRT,2022,4.66962671,39.4,68.281,385.0,Afrique de lOuest
Mauritius,MUS,2000,2.85734653,18.8,71.6634146341463,43.0,Afrique de lEst
Mauritius,MUS,2001,2.92151856,17.5,71.7658536585366,42.0,Afrique de lEst
Mauritius,MUS,2002,3.18897271,16.6,71.9658536585366,42.0,Afrique de lEst
Mauritius,MUS,2003,3.18201613,16.0,72.1170731707317,42.0,Afrique de lEst
Mauritius,MUS,2004,3.31652546,15.7,72.2658536585366,43.0,Afrique de lEst
Mauritius,MUS,2005,3.51794028,15.6,72.4321951219512,43.0,Afrique de lEst
Mauritius,MUS,2006,3.60573649,15.4,72.4321951219512,45.0,Afrique de lEst
Mauritius,MUS,2007,3.52321672,15.2,72.5707317073171,46.0,Afrique de lEst
Mauritius,MUS,2008,3.93896508,15.0,72.5707317073171,48.0,Afrique de lEst
Mauritius,MUS,2009,4.17035627,14.9,72.8824390243903,51.0,Afrique de lEst
Mauritius,MUS,2010,4.51898289,14.8,72.9673170731707,53.0,Afrique de lEst
Mauritius,MUS,2011,4.25059652,14.9,73.2668292682927,55.0,Afrique de lEst
Mauritius,MUS,2012,4.21993399,15.0,73.8634146341464,55.0,Afrique de lEst
Mauritius,MUS,2013,4.620821,14.9,74.0170731707317,58.0,Afrique de lEst
Mauritius,MUS,2014,5.38024664,14.7,74.1943902439024,60.0,Afrique de lEst
Mauritius,MUS,2015,5.55042362,14.5,74.3531707317073,61.0,Afrique de lEst
Mauritius,MUS,2016,5.54289532,14.6,74.3948780487805,62.0,Afrique de lEst
Mauritius,MUS,2017,5.59857273,15.0,74.5146341463415,66.0,Afrique de lEst
Mauritius,MUS,2018,5.60310221,15.4,74.4163414634146,67.0,Afrique de lEst
Mauritius,MUS,2019,5.69508171,15.7,74.2358536585366,67.0,Afrique de lEst
Mauritius,MUS,2020,6.09606028,15.8,74.1770731707317,58.0,Afrique de lEst
Mauritius,MUS,2021,6.6160841,15.7,73.680243902439,80.0,Afrique de lEst
Mauritius,MUS,2022,5.84209728,15.5,73.5146341463415,61.0,Afrique de lEst
Morocco,MAR,2000,3.69304585,52.4,66.794,271.0,Afrique du Nord
Morocco,MAR,2001,3.81601191,50.2,67.2,254.0,Afrique du Nord
Morocco,MAR,2002,4.06117535,48.0,67.582,238.0,Afrique du Nord
Morocco,MAR,2003,4.08037519,45.8,67.958,224.0,Afrique du Nord
Morocco,MAR,2004,4.23211098,43.6,68.272,213.0,Afrique du Nord
Morocco,MAR,2005,4.37350655,41.4,68.748,196.0,Afrique du Nord
Morocco,MAR,2006,4.56586647,39.2,69.157,182.0,Afrique du Nord
Morocco,MAR,2007,4.80759001,36.9,69.62,169.0,Afrique du Nord
Morocco,MAR,2008,4.83789158,34.8,70.051,158.0,Afrique du Nord
Morocco,MAR,2009,5.27312183,32.8,70.454,148.0,Afrique du Nord
Morocco,MAR,2010,5.41861057,30.9,70.821,140.0,Afrique du Nord
Morocco,MAR,2011,5.37019396,29.2,71.263,130.0,Afrique du Nord
Morocco,MAR,2012,5.39619017,27.5,71.674,121.0,Afrique du Nord
Morocco,MAR,2013,5.25540543,26.0,72.117,113.0,Afrique du Nord
Morocco,MAR,2014,5.41626596,24.5,72.522,106.0,Afrique du Nord
Morocco,MAR,2015,5.10435581,23.1,72.894,100.0,Afrique du Nord
Morocco,MAR,2016,5.09203386,21.9,73.228,94.0,Afrique du Nord
Morocco,MAR,2017,4.98920393,20.8,73.608,88.0,Afrique du Nord
Morocco,MAR,2018,4.94516659,19.9,73.946,83.0,Afrique du Nord
Morocco,MAR,2019,5.020401,19.1,74.245,79.0,Afrique du Nord
Morocco,MAR,2020,5.78939486,18.3,73.133,81.0,Afrique du Nord
Morocco,MAR,2021,5.45314503,17.6,73.385,92.0,Afrique du Nord
Morocco,MAR,2022,5.75281,17.0,75.161,71.0,Afrique du Nord
Mozambique,MOZ,2000,2.14253044,164.6,49.476,547.0,Afrique Australe
Mozambique,MOZ,2001,2.80098224,155.7,50.259,473.0,Afrique Australe
Mozambique,MOZ,2002,3.18652654,147.5,50.879,398.0,Afrique Australe
Mozambique,MOZ,2003,3.25095367,139.8,51.383,360.0,Afrique Australe
Mozambique,MOZ,2004,3.53062654,132.5,51.855,321.0,Afrique Australe
Mozambique,MOZ,2005,4.21435642,125.7,52.322,301.0,Afrique Australe
Mozambique,MOZ,2006,3.94559026,118.8,52.748,298.0,Afrique Australe
Mozambique,MOZ,2007,3.79955554,110.7,53.255,327.0,Afrique Australe
Mozambique,MOZ,2008,4.13496828,104.4,53.799,365.0,Afrique Australe
Mozambique,MOZ,2009,5.05562353,98.3,54.4,352.0,Afrique Australe
Mozambique,MOZ,2010,5.29249668,95.6,55.04,305.0,Afrique Australe
Mozambique,MOZ,2011,4.9217639,91.1,55.733,268.0,Afrique Australe
Mozambique,MOZ,2012,5.14035702,86.5,56.46,218.0,Afrique Australe
Mozambique,MOZ,2013,6.04556036,82.9,57.189,196.0,Afrique Australe
Mozambique,MOZ,2014,6.24013042,79.7,57.965,210.0,Afrique Australe
Mozambique,MOZ,2015,6.60972881,75.8,58.711,216.0,Afrique Australe
Mozambique,MOZ,2016,7.21501875,73.3,59.455,202.0,Afrique Australe
Mozambique,MOZ,2017,7.80532169,72.0,60.148,187.0,Afrique Australe
Mozambique,MOZ,2018,7.97903347,70.2,60.79,159.0,Afrique Australe
Mozambique,MOZ,2019,7.90207434,68.6,61.306,134.0,Afrique Australe
Mozambique,MOZ,2020,7.55190039,67.6,61.39,123.0,Afrique Australe
Mozambique,MOZ,2021,8.64841366,65.5,60.268,180.0,Afrique Australe
Mozambique,MOZ,2022,8.24868107,63.9,63.011,104.0,Afrique Australe
Namibia,NAM,2000,10.04545307,78.2,52.946,384.0,Afrique Australe
Namibia,NAM,2001,10.46567631,77.6,51.98,376.0,Afrique Australe
Namibia,NAM,2002,10.47871208,76.6,51.988,313.0,Afrique Australe
Namibia,NAM,2003,10.74474621,75.6,51.918,290.0,Afrique Australe
Namibia,NAM,2004,10.88543797,74.4,52.175,282.0,Afrique Australe
Namibia,NAM,2005,10.82506466,71.0,52.557,344.0,Afrique Australe
Namibia,NAM,2006,11.30290031,66.0,53.183,408.0,Afrique Australe
Namibia,NAM,2007,11.41372871,62.0,54.026,489.0,Afrique Australe
Namibia,NAM,2008,10.67726994,57.5,54.74,537.0,Afrique Australe
Namibia,NAM,2009,9.90435314,53.2,55.347,547.0,Afrique Australe
Namibia,NAM,2010,10.62278938,50.3,56.093,531.0,Afrique Australe
Namibia,NAM,2011,10.86068344,50.0,56.647,498.0,Afrique Australe
Namibia,NAM,2012,10.20360184,52.6,57.733,439.0,Afrique Australe
Namibia,NAM,2013,10.08887577,50.8,58.468,402.0,Afrique Australe
Namibia,NAM,2014,8.4089098,50.0,59.311,369.0,Afrique Australe
Namibia,NAM,2015,9.98106289,51.8,60.008,307.0,Afrique Australe
Namibia,NAM,2016,9.32231045,51.4,60.81,250.0,Afrique Australe
Namibia,NAM,2017,8.71348476,49.8,61.661,213.0,Afrique Australe
Namibia,NAM,2018,8.62148285,48.5,62.579,198.0,Afrique Australe
Namibia,NAM,2019,8.85805798,46.6,63.546,175.0,Afrique Australe
Namibia,NAM,2020,9.56060219,44.8,64.071,143.0,Afrique Australe
Namibia,NAM,2021,10.19644737,43.2,60.85,254.0,Afrique Australe
Namibia,NAM,2022,9.6219883,41.6,64.19,127.0,Afrique Australe
Niger,NER,2000,4.65891504,227.9,49.172,845.0,Afrique de lOuest
Niger,NER,2001,4.72659349,217.4,49.872,843.0,Afrique de lOuest
Niger,NER,2002,4.82717037,205.9,50.645,835.0,Afrique de lOuest
Niger,NER,2003,4.74740648,194.1,51.545,813.0,Afrique de lOuest
Niger,NER,2004,4.97818327,182.4,52.402,790.0,Afrique de lOuest
Niger,NER,2005,5.87749624,171.4,53.32,764.0,Afrique de lOuest
Niger,NER,2006,5.99335575,161.6,54.223,737.0,Afrique de lOuest
Niger,NER,2007,5.43105888,153.1,55.063,704.0,Afrique de lOuest
Niger,NER,2008,5.24640608,146.0,55.852,669.0,Afrique de lOuest
Niger,NER,2009,5.33850145,140.3,56.487,647.0,Afrique de lOuest
Niger,NER,2010,4.96100473,136.0,57.08,621.0,Afrique de lOuest
Niger,NER,2011,4.87323856,132.7,57.6,585.0,Afrique de lOuest
Niger,NER,2012,4.30732679,130.3,57.987,554.0,Afrique de lOuest
Niger,NER,2013,4.46636009,128.3,58.364,526.0,Afrique de lOuest
Niger,NER,2014,4.45377159,126.8,58.693,497.0,Afrique de lOuest
Niger,NER,2015,5.34745932,125.4,58.85,473.0,Afrique de lOuest
Niger,NER,2016,4.53239059,124.3,59.228,450.0,Afrique de lOuest
Niger,NER,2017,5.57609606,123.1,59.524,433.0,Afrique de lOuest
Niger,NER,2018,5.30310822,121.9,59.765,420.0,Afrique de lOuest
Niger,NER,2019,5.66642094,120.8,60.031,406.0,Afrique de lOuest
Niger,NER,2020,6.17012262,119.5,59.89,388.0,Afrique de lOuest
Niger,NER,2021,5.81452751,118.0,59.542,396.0,Afrique de lOuest
Niger,NER,2022,4.34980488,116.0,60.398,361.0,Afrique de lOuest
Nigeria,NGA,2000,3.1973834,177.3,47.143,1136.0,Afrique de lOuest
Nigeria,NGA,2001,3.18946862,170.5,47.549,1130.0,Afrique de lOuest
Nigeria,NGA,2002,2.49063969,163.9,48.02,1117.0,Afrique de lOuest
Nigeria,NGA,2003,5.05360985,157.4,48.618,1090.0,Afrique de lOuest
Nigeria,NGA,2004,4.63368416,151.4,49.148,1075.0,Afrique de lOuest
Nigeria,NGA,2005,4.46591949,145.8,49.538,1060.0,Afrique de lOuest
Nigeria,NGA,2006,4.25775146,140.9,49.876,1067.0,Afrique de lOuest
Nigeria,NGA,2007,3.90997243,136.5,50.381,1063.0,Afrique de lOuest
Nigeria,NGA,2008,3.69581532,132.5,50.748,1081.0,Afrique de lOuest
Nigeria,NGA,2009,3.5801971,129.2,51.08,1088.0,Afrique de lOuest
Nigeria,NGA,2010,3.29653287,126.3,51.315,1094.0,Afrique de lOuest
Nigeria,NGA,2011,3.32077932,123.8,51.49,1108.0,Afrique de lOuest
Nigeria,NGA,2012,3.35984254,121.6,51.688,1124.0,Afrique de lOuest
Nigeria,NGA,2013,3.4206934,119.9,51.827,1146.0,Afrique de lOuest
Nigeria,NGA,2014,3.34840417,118.7,51.94,1155.0,Afrique de lOuest
Nigeria,NGA,2015,3.58194995,117.8,51.939,1168.0,Afrique de lOuest
Nigeria,NGA,2016,3.64773679,117.4,52.189,1155.0,Afrique de lOuest
Nigeria,NGA,2017,3.74762511,117.2,52.397,1142.0,Afrique de lOuest
Nigeria,NGA,2018,3.09069347,117.2,52.669,1118.0,Afrique de lOuest
Nigeria,NGA,2019,2.98547053,117.4,53.009,1091.0,Afrique de lOuest
Nigeria,NGA,2020,3.38063431,117.4,53.072,1065.0,Afrique de lOuest
Nigeria,NGA,2021,4.07625723,117.6,53.455,1046.0,Afrique de lOuest
Nigeria,NGA,2022,4.21020174,117.5,54.079,1016.0,Afrique de lOuest
Rwanda,RWA,2000,3.57583427,184.2,47.798,885.0,Afrique de lEst
Rwanda,RWA,2001,3.31599975,166.5,49.49,769.0,Afrique de lEst
Rwanda,RWA,2002,3.12787294,149.1,51.262,677.0,Afrique de lEst
Rwanda,RWA,2003,6.92888737,132.7,53.529,551.0,Afrique de lEst
Rwanda,RWA,2004,7.50856972,117.5,55.52,460.0,Afrique de lEst
Rwanda,RWA,2005,7.71997023,104.5,56.968,465.0,Afrique de lEst
Rwanda,RWA,2006,7.60511971,93.4,58.342,494.0,Afrique de lEst
Rwanda,RWA,2007,7.86262226,84.1,59.504,494.0,Afrique de lEst
Rwanda,RWA,2008,7.55971909,76.0,60.641,454.0,Afrique de lEst
Rwanda,RWA,2009,7.79951382,69.1,61.813,418.0,Afrique de lEst
Rwanda,RWA,2010,8.08185482,63.3,62.804,393.0,Afrique de lEst
Rwanda,RWA,2011,7.93233776,58.1,63.476,358.0,Afrique de lEst
Rwanda,RWA,2012,8.1021471,54.2,64.189,331.0,Afrique de lEst
Rwanda,RWA,2013,6.77388763,51.4,64.651,317.0,Afrique de lEst
Rwanda,RWA,2014,6.98448992,49.2,65.088,301.0,Afrique de lEst
Rwanda,RWA,2015,6.65061283,47.3,65.419,292.0,Afrique de lEst
Rwanda,RWA,2016,5.968925,45.8,65.733,278.0,Afrique de lEst
Rwanda,RWA,2017,5.37623835,44.7,66.14,275.0,Afrique de lEst
Rwanda,RWA,2018,5.45722818,43.7,66.354,269.0,Afrique de lEst
Rwanda,RWA,2019,4.91471481,42.7,66.691,261.0,Afrique de lEst
Rwanda,RWA,2020,5.79862261,41.6,66.953,252.0,Afrique de lEst
Rwanda,RWA,2021,6.23147202,40.6,66.85,254.0,Afrique de lEst
Rwanda,RWA,2022,5.92842579,39.7,67.528,234.0,Afrique de lEst
Sao Tome and Principe,STP,2000,9.31892776,82.2,61.207,180.0,Afrique Centrale
Sao Tome and Principe,STP,2001,9.64001942,76.7,61.5,178.0,Afrique Centrale
Sao Tome and Principe,STP,2002,9.49860477,71.1,61.826,179.0,Afrique Centrale
Sao Tome and Principe,STP,2003,11.46527386,65.7,62.158,178.0,Afrique Centrale
Sao Tome and Principe,STP,2004,10.7211771,60.5,62.56,177.0,Afrique Centrale
Sao Tome and Principe,STP,2005,10.35199738,55.7,62.434,181.0,Afrique Centrale
Sao Tome and Principe,STP,2006,7.10559654,51.1,63.041,177.0,Afrique Centrale
Sao Tome and Principe,STP,2007,7.00608587,46.9,63.336,174.0,Afrique Centrale
Sao Tome and Principe,STP,2008,5.97009039,43.1,63.448,174.0,Afrique Centrale
Sao Tome and Principe,STP,2009,5.75177002,39.5,63.669,172.0,Afrique Centrale
Sao Tome and Principe,STP,2010,5.80827904,36.2,63.867,170.0,Afrique Centrale
Sao Tome and Principe,STP,2011,5.65160036,33.2,64.122,164.0,Afrique Centrale
Sao Tome and Principe,STP,2012,7.07299662,30.4,64.505,158.0,Afrique Centrale
Sao Tome and Principe,STP,2013,8.94060898,27.9,64.93,150.0,Afrique Centrale
Sao Tome and Principe,STP,2014,7.91452122,25.5,65.478,138.0,Afrique Centrale
Sao Tome and Principe,STP,2015,6.53226852,23.3,66.023,128.0,Afrique Centrale
Sao Tome and Principe,STP,2016,7.60211611,21.3,66.563,119.0,Afrique Centrale
Sao Tome and Principe,STP,2017,7.46631384,19.6,67.074,110.0,Afrique Centrale
Sao Tome and Principe,STP,2018,5.91960287,18.2,67.602,100.0,Afrique Centrale
Sao Tome and Principe,STP,2019,5.48078823,17.1,68.043,95.0,Afrique Centrale
Sao Tome and Principe,STP,2020,7.32044411,16.1,67.979,92.0,Afrique Centrale
Sao Tome and Principe,STP,2021,7.85889721,15.3,68.026,98.0,Afrique Centrale
Sao Tome and Principe,STP,2022,5.7744813,14.7,69.237,82.0,Afrique Centrale
Senegal,SEN,2000,3.55015373,128.9,57.615,581.0,Afrique de lOuest
Senegal,SEN,2001,3.68148756,121.7,58.158,560.0,Afrique de lOuest
Senegal,SEN,2002,3.95294404,113.2,58.912,531.0,Afrique de lOuest
Senegal,SEN,2003,4.29703569,104.2,59.474,520.0,Afrique de lOuest
Senegal,SEN,2004,4.56856203,95.5,60.308,501.0,Afrique de lOuest
Senegal,SEN,2005,3.67466521,87.6,60.98,488.0,Afrique de lOuest
Senegal,SEN,2006,3.76337624,80.8,61.801,462.0,Afrique de lOuest
Senegal,SEN,2007,3.41496587,75.0,62.653,457.0,Afrique de lOuest
Senegal,SEN,2008,3.50687575,70.1,63.201,463.0,Afrique de lOuest
Senegal,SEN,2009,3.841573,66.1,63.751,441.0,Afrique de lOuest
Senegal,SEN,2010,4.02764368,62.8,64.221,436.0,Afrique de lOuest
Senegal,SEN,2011,4.21416712,60.0,64.799,415.0,Afrique de lOuest
Senegal,SEN,2012,4.26688004,57.6,65.229,405.0,Afrique de lOuest
Senegal,SEN,2013,4.38573599,55.5,65.638,385.0,Afrique de lOuest
Senegal,SEN,2014,4.38962269,53.7,66.001,373.0,Afrique de lOuest
Senegal,SEN,2015,4.37789631,52.2,66.451,357.0,Afrique de lOuest
Senegal,SEN,2016,4.25606871,50.8,66.724,345.0,Afrique de lOuest
Senegal,SEN,2017,4.16359377,49.4,67.059,325.0,Afrique de lOuest
Senegal,SEN,2018,4.43182087,47.9,67.379,305.0,Afrique de lOuest
Senegal,SEN,2019,4.49531031,46.2,67.668,286.0,Afrique de lOuest
Senegal,SEN,2020,5.15119171,44.2,67.496,252.0,Afrique de lOuest
Senegal,SEN,2021,4.44256258,42.2,66.868,263.0,Afrique de lOuest
Senegal,SEN,2022,4.0444808,40.1,67.788,228.0,Afrique de lOuest
Seychelles,SYC,2000,4.61071777,13.8,72.7780487804878,45.0,Afrique de lEst
Seychelles,SYC,2001,4.54768324,13.8,73.2536585365854,43.0,Afrique de lEst
Seychelles,SYC,2002,4.19562864,13.7,71.0878048780488,45.0,Afrique de lEst
Seychelles,SYC,2003,4.86075974,13.8,71.0292682926829,47.0,Afrique de lEst
Seychelles,SYC,2004,4.66628933,13.8,72.6609756097561,52.0,Afrique de lEst
Seychelles,SYC,2005,4.44606543,13.8,72.1317073170732,50.0,Afrique de lEst
Seychelles,SYC,2006,4.33191252,13.8,72.2170731707317,51.0,Afrique de lEst
Seychelles,SYC,2007,3.79315019,13.9,73.1439024390244,52.0,Afrique de lEst
Seychelles,SYC,2008,3.51518679,13.9,73.1634146341463,51.0,Afrique de lEst
Seychelles,SYC,2009,3.43580508,14.0,73.0829268292683,51.0,Afrique de lEst
Seychelles,SYC,2010,4.40148449,14.1,73.1975609756098,50.0,Afrique de lEst
Seychelles,SYC,2011,4.35539675,14.2,72.7243902439024,50.0,Afrique de lEst
Seychelles,SYC,2012,5.2896843,14.3,74.2756097560976,49.0,Afrique de lEst
Seychelles,SYC,2013,4.19129515,14.4,73.119512195122,48.0,Afrique de lEst
Seychelles,SYC,2014,4.43609142,14.5,73.2292682926829,46.0,Afrique de lEst
Seychelles,SYC,2015,4.24428654,14.6,74.2951219512195,46.0,Afrique de lEst
Seychelles,SYC,2016,4.71349716,14.7,74.309756097561,47.0,Afrique de lEst
Seychelles,SYC,2017,4.47661018,14.7,74.3,47.0,Afrique de lEst
Seychelles,SYC,2018,4.41706038,14.8,72.8414634146341,49.0,Afrique de lEst
Seychelles,SYC,2019,4.25269794,14.8,74.0463414634146,48.0,Afrique de lEst
Seychelles,SYC,2020,5.83709192,14.8,77.2365853658537,51.0,Afrique de lEst
Seychelles,SYC,2021,5.2088151,14.7,73.3975609756097,74.0,Afrique de lEst
Seychelles,SYC,2022,4.39909697,14.5,74.509756097561,89.0,Afrique de lEst
Sierra Leone,SLE,2000,5.29086494,222.8,44.834,1603.0,Afrique de lOuest
Sierra Leone,SLE,2001,5.22183514,217.3,45.448,1518.0,Afrique de lOuest
Sierra Leone,SLE,2002,5.55388832,211.6,46.174,1492.0,Afrique de lOuest
Sierra Leone,SLE,2003,5.06219816,205.7,46.784,1433.0,Afrique de lOuest
Sierra Leone,SLE,2004,5.23798943,199.6,47.485,1366.0,Afrique de lOuest
Sierra Leone,SLE,2005,5.23005009,193.2,48.306,1294.0,Afrique de lOuest
Sierra Leone,SLE,2006,5.29913139,186.5,49.547,1168.0,Afrique de lOuest
Sierra Leone,SLE,2007,5.31662989,179.6,50.024,1132.0,Afrique de lOuest
Sierra Leone,SLE,2008,5.60332584,172.4,50.693,1093.0,Afrique de lOuest
Sierra Leone,SLE,2009,6.27075481,165.2,51.312,1054.0,Afrique de lOuest
Sierra Leone,SLE,2010,5.64204741,157.9,51.927,1018.0,Afrique de lOuest
Sierra Leone,SLE,2011,6.60636759,150.8,52.594,967.0,Afrique de lOuest
Sierra Leone,SLE,2012,5.92764187,144.1,53.159,915.0,Afrique de lOuest
Sierra Leone,SLE,2013,8.45845032,137.9,54.051,842.0,Afrique de lOuest
Sierra Leone,SLE,2014,15.11886978,135.9,54.281,821.0,Afrique de lOuest
Sierra Leone,SLE,2015,12.3831234,136.8,55.454,730.0,Afrique de lOuest
Sierra Leone,SLE,2016,10.05438519,121.8,56.937,633.0,Afrique de lOuest
Sierra Leone,SLE,2017,6.00532055,117.0,57.761,578.0,Afrique de lOuest
Sierra Leone,SLE,2018,5.29927444,112.4,59.059,491.0,Afrique de lOuest
Sierra Leone,SLE,2019,5.7052846,108.3,59.593,464.0,Afrique de lOuest
Sierra Leone,SLE,2020,5.66489744,104.4,59.694,422.0,Afrique de lOuest
Sierra Leone,SLE,2021,5.07244635,100.6,60.26,403.0,Afrique de lOuest
Sierra Leone,SLE,2022,4.80377436,97.1,61.275,370.0,Afrique de lOuest
"Somalia, Fed. Rep.",SOM,2000,,173.2,50.747,1150.0,Afrique de lEst
"Somalia, Fed. Rep.",SOM,2001,,173.2,50.829,1129.0,Afrique de lEst
"Somalia, Fed. Rep.",SOM,2002,,173.2,50.82,1121.0,Afrique de lEst
"Somalia, Fed. Rep.",SOM,2003,,173.2,50.721,1111.0,Afrique de lEst
"Somalia, Fed. Rep.",SOM,2004,,173.2,50.685,1104.0,Afrique de lEst
"Somalia, Fed. Rep.",SOM,2005,,173.2,50.894,1086.0,Afrique de lEst
"Somalia, Fed. Rep.",SOM,2006,,172.6,50.915,1085.0,Afrique de lEst
"Somalia, Fed. Rep.",SOM,2007,,170.5,50.885,1074.0,Afrique de lEst
"Somalia, Fed. Rep.",SOM,2008,,166.7,51.456,1035.0,Afrique de lEst
"Somalia, Fed. Rep.",SOM,2009,,162.4,52.101,995.0,Afrique de lEst
"Somalia, Fed. Rep.",SOM,2010,,186.7,48.9,1062.0,Afrique de lEst
"Somalia, Fed. Rep.",SOM,2011,,363.1,32.453,972.0,Afrique de lEst
"Somalia, Fed. Rep.",SOM,2012,,185.4,49.138,894.0,Afrique de lEst
"Somalia, Fed. Rep.",SOM,2013,3.36953735,143.2,54.016,855.0,Afrique de lEst
"Somalia, Fed. Rep.",SOM,2014,3.02053761,138.6,54.442,816.0,Afrique de lEst
"Somalia, Fed. Rep.",SOM,2015,2.94074512,134.3,55.056,784.0,Afrique de lEst
"Somalia, Fed. Rep.",SOM,2016,2.2842648,130.2,55.283,754.0,Afrique de lEst
"Somalia, Fed. Rep.",SOM,2017,2.44348097,156.4,52.19,716.0,Afrique de lEst
"Somalia, Fed. Rep.",SOM,2018,2.50873256,136.4,54.767,727.0,Afrique de lEst
"Somalia, Fed. Rep.",SOM,2019,2.40617251,118.4,57.249,656.0,Afrique de lEst
"Somalia, Fed. Rep.",SOM,2020,2.47010517,114.7,57.095,655.0,Afrique de lEst
"Somalia, Fed. Rep.",SOM,2021,2.73509169,111.0,55.703,726.0,Afrique de lEst
"Somalia, Fed. Rep.",SOM,2022,2.8469162,143.1,53.931,622.0,Afrique de lEst
South Africa,ZAF,2000,7.3366189,71.4,58.368,175.0,Afrique Australe
South Africa,ZAF,2001,7.12327909,74.5,57.161,192.0,Afrique Australe
South Africa,ZAF,2002,6.67774487,77.0,55.58,225.0,Afrique Australe
South Africa,ZAF,2003,7.04098177,79.2,54.245,245.0,Afrique Australe
South Africa,ZAF,2004,6.938416,80.7,53.963,259.0,Afrique Australe
South Africa,ZAF,2005,6.86216164,79.8,53.914,279.0,Afrique Australe
South Africa,ZAF,2006,6.87650871,76.9,54.22,283.0,Afrique Australe
South Africa,ZAF,2007,6.90510845,71.2,54.948,272.0,Afrique Australe
South Africa,ZAF,2008,7.14832258,63.7,55.982,272.0,Afrique Australe
South Africa,ZAF,2009,7.64941454,56.9,57.413,241.0,Afrique Australe
South Africa,ZAF,2010,7.79358244,50.3,58.886,226.0,Afrique Australe
South Africa,ZAF,2011,7.94434404,45.6,60.602,202.0,Afrique Australe
South Africa,ZAF,2012,8.00428867,43.1,61.737,194.0,Afrique Australe
South Africa,ZAF,2013,8.10322285,41.4,62.388,180.0,Afrique Australe
South Africa,ZAF,2014,7.87136555,39.7,63.184,162.0,Afrique Australe
South Africa,ZAF,2015,8.05304241,38.2,64.053,150.0,Afrique Australe
South Africa,ZAF,2016,8.07959366,36.8,64.749,141.0,Afrique Australe
South Africa,ZAF,2017,7.97711372,35.7,65.422,134.0,Afrique Australe
South Africa,ZAF,2018,8.0819664,34.9,65.726,128.0,Afrique Australe
South Africa,ZAF,2019,8.24652863,34.3,66.071,119.0,Afrique Australe
South Africa,ZAF,2020,9.02174091,33.9,65.15,118.0,Afrique Australe
South Africa,ZAF,2021,8.6645031,34.0,62.01,191.0,Afrique Australe
South Africa,ZAF,2022,8.74512291,34.3,65.454,129.0,Afrique Australe
South Sudan,SSD,2000,,180.1,47.591,1658.0,Afrique de lEst
South Sudan,SSD,2001,,171.1,48.55,1580.0,Afrique de lEst
South Sudan,SSD,2002,,162.2,49.394,1521.0,Afrique de lEst
South Sudan,SSD,2003,,153.7,52.324,1199.0,Afrique de lEst
South Sudan,SSD,2004,,145.8,53.052,1150.0,Afrique de lEst
South Sudan,SSD,2005,,138.4,53.965,1074.0,Afrique de lEst
South Sudan,SSD,2006,,131.5,54.653,1005.0,Afrique de lEst
South Sudan,SSD,2007,,124.9,55.425,933.0,Afrique de lEst
South Sudan,SSD,2008,,118.7,56.28,858.0,Afrique de lEst
South Sudan,SSD,2009,,112.7,56.848,823.0,Afrique de lEst
South Sudan,SSD,2010,,107.2,57.485,776.0,Afrique de lEst
South Sudan,SSD,2011,,102.3,57.674,770.0,Afrique de lEst
South Sudan,SSD,2012,,98.9,58.241,755.0,Afrique de lEst
South Sudan,SSD,2013,,97.2,58.285,771.0,Afrique de lEst
South Sudan,SSD,2014,,182.6,45.625,1216.0,Afrique de lEst
South Sudan,SSD,2015,,240.8,39.757,1436.0,Afrique de lEst
South Sudan,SSD,2016,,272.9,36.72,1629.0,Afrique de lEst
South Sudan,SSD,2017,22.11322403,292.0,35.351,1662.0,Afrique de lEst
South Sudan,SSD,2018,11.69539356,133.7,51.905,913.0,Afrique de lEst
South Sudan,SSD,2019,9.06570053,96.7,58.129,745.0,Afrique de lEst
South Sudan,SSD,2020,9.35116673,96.7,57.648,729.0,Afrique de lEst
South Sudan,SSD,2021,6.30117083,96.7,57.047,749.0,Afrique de lEst
South Sudan,SSD,2022,6.57254314,96.7,57.203,704.0,Afrique de lEst
Sudan,SDN,2000,3.60664487,102.0,58.946,645.0,Afrique de lEst
Sudan,SDN,2001,3.36456871,98.6,59.264,616.0,Afrique de lEst
Sudan,SDN,2002,3.30010891,95.2,59.308,588.0,Afrique de lEst
Sudan,SDN,2003,3.89187932,91.9,58.319,593.0,Afrique de lEst
Sudan,SDN,2004,4.15593481,101.1,56.773,536.0,Afrique de lEst
Sudan,SDN,2005,4.09418154,98.8,57.226,506.0,Afrique de lEst
Sudan,SDN,2006,4.88544321,83.0,60.4,485.0,Afrique de lEst
Sudan,SDN,2007,5.66269159,80.4,61.442,445.0,Afrique de lEst
Sudan,SDN,2008,5.42313576,77.9,61.261,426.0,Afrique de lEst
Sudan,SDN,2009,6.39496326,75.5,62.676,382.0,Afrique de lEst
Sudan,SDN,2010,5.05810165,73.4,62.979,370.0,Afrique de lEst
Sudan,SDN,2011,5.61579561,71.3,63.181,357.0,Afrique de lEst
Sudan,SDN,2012,5.68827009,69.3,63.427,340.0,Afrique de lEst
Sudan,SDN,2013,6.96487474,67.3,63.443,327.0,Afrique de lEst
Sudan,SDN,2014,5.67619705,65.4,63.99,309.0,Afrique de lEst
Sudan,SDN,2015,5.81112576,63.5,64.375,298.0,Afrique de lEst
Sudan,SDN,2016,5.68438482,61.6,64.677,288.0,Afrique de lEst
Sudan,SDN,2017,5.91767406,59.7,65.146,277.0,Afrique de lEst
Sudan,SDN,2018,4.46172857,57.8,65.501,268.0,Afrique de lEst
Sudan,SDN,2019,4.59967566,56.1,65.803,262.0,Afrique de lEst
Sudan,SDN,2020,3.04323435,54.3,65.124,273.0,Afrique de lEst
Sudan,SDN,2021,2.9669323,52.7,64.46,305.0,Afrique de lEst
Sudan,SDN,2022,3.79416442,51.0,65.695,263.0,Afrique de lEst
Tanzania,TZA,2000,3.41529942,128.0,53.244,568.0,Afrique de lEst
Tanzania,TZA,2001,4.23551702,120.3,54.124,493.0,Afrique de lEst
Tanzania,TZA,2002,4.68907642,112.4,54.94,454.0,Afrique de lEst
Tanzania,TZA,2003,5.34231472,105.0,55.929,397.0,Afrique de lEst
Tanzania,TZA,2004,5.7373414,98.3,56.836,365.0,Afrique de lEst
Tanzania,TZA,2005,6.32282543,92.2,57.675,350.0,Afrique de lEst
Tanzania,TZA,2006,7.598279,86.7,58.512,366.0,Afrique de lEst
Tanzania,TZA,2007,6.88427973,81.3,59.26,453.0,Afrique de lEst
Tanzania,TZA,2008,5.55704737,76.6,59.896,511.0,Afrique de lEst
Tanzania,TZA,2009,5.06306362,72.0,60.494,502.0,Afrique de lEst
Tanzania,TZA,2010,5.22392178,68.2,61.127,486.0,Afrique de lEst
Tanzania,TZA,2011,5.0559845,64.6,61.618,475.0,Afrique de lEst
Tanzania,TZA,2012,5.01779366,61.7,62.286,448.0,Afrique de lEst
Tanzania,TZA,2013,4.64643383,59.0,62.788,479.0,Afrique de lEst
Tanzania,TZA,2014,4.01492071,56.3,63.364,454.0,Afrique de lEst
Tanzania,TZA,2015,3.64969945,54.3,63.928,433.0,Afrique de lEst
Tanzania,TZA,2016,3.96350336,52.0,64.404,396.0,Afrique de lEst
Tanzania,TZA,2017,4.02325726,49.8,64.963,345.0,Afrique de lEst
Tanzania,TZA,2018,4.32775831,47.6,65.488,319.0,Afrique de lEst
Tanzania,TZA,2019,4.02347755,45.6,66.007,292.0,Afrique de lEst
Tanzania,TZA,2020,3.05028677,43.8,66.771,160.0,Afrique de lEst
Tanzania,TZA,2021,3.46963334,41.7,66.131,162.0,Afrique de lEst
Tanzania,TZA,2022,3.13497496,40.1,66.879,152.0,Afrique de lEst
Togo,TGO,2000,3.33427,119.2,54.587,496.0,Afrique de lOuest
Togo,TGO,2001,3.4422195,115.7,54.757,478.0,Afrique de lOuest
Togo,TGO,2002,3.44502354,112.2,55.044,447.0,Afrique de lOuest
Togo,TGO,2003,3.44513917,108.8,55.312,431.0,Afrique de lOuest
Togo,TGO,2004,3.48131895,105.5,55.608,431.0,Afrique de lOuest
Togo,TGO,2005,3.98242044,102.4,55.931,434.0,Afrique de lOuest
Togo,TGO,2006,4.30967808,99.3,56.154,453.0,Afrique de lOuest
Togo,TGO,2007,3.67734432,96.5,56.395,448.0,Afrique de lOuest
Togo,TGO,2008,3.74071932,93.7,56.663,457.0,Afrique de lOuest
Togo,TGO,2009,3.92726755,90.9,56.94,471.0,Afrique de lOuest
Togo,TGO,2010,4.33284378,88.3,57.24,497.0,Afrique de lOuest
Togo,TGO,2011,4.38927078,85.6,57.624,501.0,Afrique de lOuest
Togo,TGO,2012,4.64366484,82.9,57.953,506.0,Afrique de lOuest
Togo,TGO,2013,4.78670263,80.2,58.356,500.0,Afrique de lOuest
Togo,TGO,2014,4.90473413,77.7,58.776,490.0,Afrique de lOuest
Togo,TGO,2015,6.24738503,75.2,59.23,470.0,Afrique de lOuest
Togo,TGO,2016,6.58550072,72.8,59.677,460.0,Afrique de lOuest
Togo,TGO,2017,6.50210476,70.4,60.145,443.0,Afrique de lOuest
Togo,TGO,2018,6.16073656,68.1,60.608,435.0,Afrique de lOuest
Togo,TGO,2019,5.91268635,66.0,61.061,416.0,Afrique de lOuest
Togo,TGO,2020,6.18928432,63.9,61.14,398.0,Afrique de lOuest
Togo,TGO,2021,5.6165967,62.0,61.337,397.0,Afrique de lOuest
Togo,TGO,2022,6.24094057,60.0,62.292,362.0,Afrique de lOuest
Tunisia,TUN,2000,4.81271935,29.2,72.604,56.0,Afrique du Nord
Tunisia,TUN,2001,4.86132765,27.2,72.822,55.0,Afrique du Nord
Tunisia,TUN,2002,5.12036419,25.5,73.07,53.0,Afrique du Nord
Tunisia,TUN,2003,5.20888519,24.0,73.304,52.0,Afrique du Nord
Tunisia,TUN,2004,5.19890785,22.7,73.519,50.0,Afrique du Nord
Tunisia,TUN,2005,5.14555788,21.6,73.712,49.0,Afrique du Nord
Tunisia,TUN,2006,5.13109922,20.7,73.888,48.0,Afrique du Nord
Tunisia,TUN,2007,5.17542839,20.0,74.039,46.0,Afrique du Nord
Tunisia,TUN,2008,5.1644063,19.4,74.192,45.0,Afrique du Nord
Tunisia,TUN,2009,5.40595293,19.0,74.32,44.0,Afrique du Nord
Tunisia,TUN,2010,5.60950756,18.7,74.438,44.0,Afrique du Nord
Tunisia,TUN,2011,6.12299299,18.5,74.471,44.0,Afrique du Nord
Tunisia,TUN,2012,6.28984737,18.4,74.599,43.0,Afrique du Nord
Tunisia,TUN,2013,6.51394987,18.3,74.674,43.0,Afrique du Nord
Tunisia,TUN,2014,6.45006084,18.3,74.784,42.0,Afrique du Nord
Tunisia,TUN,2015,6.21339941,18.2,74.875,40.0,Afrique du Nord
Tunisia,TUN,2016,6.24778175,18.1,75.007,39.0,Afrique du Nord
Tunisia,TUN,2017,6.18557453,17.9,75.177,38.0,Afrique du Nord
Tunisia,TUN,2018,5.9375186,17.5,75.37,38.0,Afrique du Nord
Tunisia,TUN,2019,6.02461243,16.9,75.599,37.0,Afrique du Nord
Tunisia,TUN,2020,7.05612612,16.0,75.004,40.0,Afrique du Nord
Tunisia,TUN,2021,7.34183979,15.0,72.893,65.0,Afrique du Nord
Tunisia,TUN,2022,7.51270723,13.9,76.05,38.0,Afrique du Nord
Uganda,UGA,2000,5.0827775,143.9,49.64,475.0,Afrique de lEst
Uganda,UGA,2001,5.05208397,137.2,50.576,440.0,Afrique de lEst
Uganda,UGA,2002,4.77136898,129.9,51.443,416.0,Afrique de lEst
Uganda,UGA,2003,4.2991581,122.1,52.414,395.0,Afrique de lEst
Uganda,UGA,2004,4.70022202,114.2,53.699,384.0,Afrique de lEst
Uganda,UGA,2005,5.80516291,106.5,54.926,417.0,Afrique de lEst
Uganda,UGA,2006,6.463305,99.2,56.118,409.0,Afrique de lEst
Uganda,UGA,2007,6.11309004,92.5,57.248,345.0,Afrique de lEst
Uganda,UGA,2008,5.45474958,86.4,58.253,324.0,Afrique de lEst
Uganda,UGA,2009,5.78845549,81.2,59.157,322.0,Afrique de lEst
Uganda,UGA,2010,6.80890226,76.0,59.959,304.0,Afrique de lEst
Uganda,UGA,2011,6.6959095,70.9,60.791,295.0,Afrique de lEst
Uganda,UGA,2012,6.10853958,66.5,61.579,285.0,Afrique de lEst
Uganda,UGA,2013,5.78252411,62.8,62.353,308.0,Afrique de lEst
Uganda,UGA,2014,5.33653069,60.2,63.057,311.0,Afrique de lEst
Uganda,UGA,2015,4.99643135,57.9,63.831,299.0,Afrique de lEst
Uganda,UGA,2016,5.01553297,55.6,64.494,272.0,Afrique de lEst
Uganda,UGA,2017,3.99852037,54.0,65.174,246.0,Afrique de lEst
Uganda,UGA,2018,4.02153397,52.7,65.775,232.0,Afrique de lEst
Uganda,UGA,2019,3.79341364,51.6,66.354,219.0,Afrique de lEst
Uganda,UGA,2020,5.23865509,50.9,66.41,209.0,Afrique de lEst
Uganda,UGA,2021,5.47374916,50.2,66.45,216.0,Afrique de lEst
Uganda,UGA,2022,4.45071125,50.0,67.675,184.0,Afrique de lEst
Zambia,ZMB,2000,4.12029076,151.8,46.577,340.0,Afrique Australe
Zambia,ZMB,2001,4.77853632,143.2,47.408,306.0,Afrique Australe
Zambia,ZMB,2002,5.88845205,132.9,48.461,274.0,Afrique Australe
Zambia,ZMB,2003,5.99553585,122.1,49.616,250.0,Afrique Australe
Zambia,ZMB,2004,5.46587515,111.7,50.54,260.0,Afrique Australe
Zambia,ZMB,2005,6.33088684,102.7,51.615,264.0,Afrique Australe
Zambia,ZMB,2006,5.5774231,94.8,52.693,262.0,Afrique Australe
Zambia,ZMB,2007,4.55994081,89.1,53.73,324.0,Afrique Australe
Zambia,ZMB,2008,4.49370766,84.2,54.835,394.0,Afrique Australe
Zambia,ZMB,2009,5.22568512,78.4,55.886,406.0,Afrique Australe
Zambia,ZMB,2010,4.13426876,74.3,56.896,332.0,Afrique Australe
Zambia,ZMB,2011,3.95913363,71.8,57.843,291.0,Afrique Australe
Zambia,ZMB,2012,4.04541731,69.2,58.704,256.0,Afrique Australe
Zambia,ZMB,2013,4.57390451,66.0,59.445,213.0,Afrique Australe
Zambia,ZMB,2014,3.82924223,62.6,60.109,174.0,Afrique Australe
Zambia,ZMB,2015,4.42974281,60.2,60.728,154.0,Afrique Australe
Zambia,ZMB,2016,4.46923161,57.1,61.129,158.0,Afrique Australe
Zambia,ZMB,2017,4.78156233,55.2,61.564,141.0,Afrique Australe
Zambia,ZMB,2018,4.76996708,54.7,62.138,117.0,Afrique Australe
Zambia,ZMB,2019,6.75330257,53.5,62.914,103.0,Afrique Australe
Zambia,ZMB,2020,6.3067441,52.5,63.361,99.0,Afrique Australe
Zambia,ZMB,2021,6.63951397,50.4,62.363,140.0,Afrique Australe
Zambia,ZMB,2022,5.21042967,49.5,65.279,89.0,Afrique Australe
Zimbabwe,ZWE,2000,,99.4,46.034,405.0,Afrique Australe
Zimbabwe,ZWE,2001,,96.3,44.525,467.0,Afrique Australe
Zimbabwe,ZWE,2002,,93.8,45.938,418.0,Afrique Australe
Zimbabwe,ZWE,2003,,91.9,45.373,455.0,Afrique Australe
Zimbabwe,ZWE,2004,,91.2,46.043,451.0,Afrique Australe
Zimbabwe,ZWE,2005,,91.6,46.57,454.0,Afrique Australe
Zimbabwe,ZWE,2006,,87.6,47.056,480.0,Afrique Australe
Zimbabwe,ZWE,2007,,90.6,47.576,519.0,Afrique Australe
Zimbabwe,ZWE,2008,,91.1,48.456,526.0,Afrique Australe
Zimbabwe,ZWE,2009,,89.8,49.75,540.0,Afrique Australe
Zimbabwe,ZWE,2010,10.47575283,85.2,51.925,567.0,Afrique Australe
Zimbabwe,ZWE,2011,8.081707,77.2,53.911,564.0,Afrique Australe
Zimbabwe,ZWE,2012,6.91838741,68.0,55.386,558.0,Afrique Australe
Zimbabwe,ZWE,2013,7.11022186,62.6,56.842,525.0,Afrique Australe
Zimbabwe,ZWE,2014,8.1335125,59.8,58.106,468.0,Afrique Australe
Zimbabwe,ZWE,2015,7.45204067,59.2,58.989,428.0,Afrique Australe
Zimbabwe,ZWE,2016,7.25845575,57.5,59.76,411.0,Afrique Australe
Zimbabwe,ZWE,2017,6.17448902,56.7,60.263,389.0,Afrique Australe
Zimbabwe,ZWE,2018,4.67327976,56.3,60.906,386.0,Afrique Australe
Zimbabwe,ZWE,2019,3.23268151,58.6,61.06,388.0,Afrique Australe
Zimbabwe,ZWE,2020,2.95440102,61.7,61.53,380.0,Afrique Australe
Zimbabwe,ZWE,2021,2.67111874,62.4,60.135,446.0,Afrique Australe
Zimbabwe,ZWE,2022,3.39519501,64.0,62.36,368.0,Afrique Australe
